date,open,high,low,close,volume,interval,vol_zscore,single_candle,multi_candle,candle,CDL_open,CDL_high,CDL_low,CDL_close,CDL_body_size,CDL_shadow_ratio,range_to_body_ratio,type,cdl_emotion,cdl_strength,cdl_implication,cdl_direction,last_close,price_dir,price_chg
2025-06-23 09:15:00+05:30,510.0,514.0,505.8,510.1,154104,5minute,,doji,unknown,doji,510.0,514.0,505.8,510.1,0.00019603999215844488,80.99999999998124,81.99180081989925,neutral,indecision,,reversal,trend,515.4,up,0.39
2025-06-23 09:20:00+05:30,509.5,513.5,509.3,513.4,78832,5minute,,bullish_belt_hold,unknown,bullish_belt_hold,509.5,513.5,509.3,513.4,0.00759641604986361,0.07692307692308029,1.0769203155889377,bullish,decisive,moderate,reversal,up,515.4,down,0.0
2025-06-23 09:25:00+05:30,512.9,515.9,512.55,515.4,90536,5minute,,unknown,unknown,unknown,,,,,,,1.339994640021449,,,,,,,sideways,
2025-06-23 09:30:00+05:30,514.25,516.15,511.3,512.0,75886,5minute,,unknown,bearish_engulfing,bearish_engulfing,514.25,516.15,511.3,512.0,0.00439453125,1.1555555555555403,2.1555459753512056,bearish,decisive,strong,reversal,down,512.0,sideways,0.0
2025-06-23 09:35:00+05:30,511.85,516.7,511.8,514.0,77899,5minute,,bullish_belt_hold,unknown,bullish_belt_hold,511.85,516.7,511.8,514.0,0.004182879377431862,1.2790697674419005,2.279059167166704,bullish,decisive,moderate,reversal,up,517.8,up,0.52
2025-06-23 09:40:00+05:30,514.25,515.35,511.3,515.15,48622,5minute,,hammer,unknown,hammer,514.25,515.35,511.3,515.15,0.0017470639619527853,3.500000000000126,4.499950000555676,bullish,decisive,moderate,reversal,up,517.8,up,0.0
2025-06-23 09:45:00+05:30,514.9,520.0,512.85,517.8,99249,5minute,,unknown,unknown,unknown,,,,,,,2.4655087396250472,,,,,,,sideways,
2025-06-23 09:50:00+05:30,518.0,519.85,513.75,514.6,63554,5minute,,unknown,bearish_engulfing,bearish_engulfing,518.0,519.85,513.75,514.6,0.0066070734551107214,0.7941176470588422,1.7941123702577533,bearish,decisive,strong,reversal,down,514.6,sideways,0.0
2025-06-23 09:55:00+05:30,514.3,516.8,514.05,514.95,19667,5minute,,inverted_hammer,unknown,inverted_hammer,514.3,516.8,514.05,514.95,0.0012622584716964578,3.230769230768639,4.230704143012593,bullish,decisive,weak,reversal,up,514.95,sideways,0.0
2025-06-23 10:00:00+05:30,514.95,515.85,514.15,514.6,15389,5minute,,unknown,unknown,unknown,,,,,,,4.857004085597368,,,,,,,sideways,
2025-06-23 10:05:00+05:30,514.8,516.35,514.2,515.9,12258,5minute,,unknown,unknown,unknown,,,,,,,1.9545276861118832,,,,,,,sideways,
2025-06-23 10:10:00+05:30,515.9,516.2,513.6,514.9,16747,5minute,,unknown,unknown,unknown,,,,,,,2.59997400026002,,,,,,,sideways,
2025-06-23 10:15:00+05:30,514.7,516.0,514.25,515.6,33974,5minute,,unknown,unknown,unknown,,,,,,,1.9444228397462742,,,,,,,sideways,
2025-06-23 10:20:00+05:30,515.6,516.3,515.6,516.05,20884,5minute,-0.8886143043087805,bullish_belt_hold,unknown,bullish_belt_hold,515.6,516.3,515.6,516.05,0.0008720085263054585,0.5555555555556397,1.5555209884225636,bullish,decisive,moderate,reversal,up,516.05,sideways,0.0
2025-06-23 10:25:00+05:30,516.2,516.3,513.7,514.9,12544,5minute,-1.082753130524694,bearish_belt_hold,tweezer_top,tweezer_top,516.2,516.3,513.7,514.9,0.002524762089726293,0.9999999999998251,1.9999846155027827,bearish,decisive,moderate,reversal,down,514.9,sideways,0.0
2025-06-23 10:30:00+05:30,514.45,518.45,514.15,518.15,38440,5minute,-0.2007520087198532,bullish_belt_hold,unknown,bullish_belt_hold,514.45,518.45,514.15,518.15,0.007140789346714141,0.16216216216220203,1.1621590211918744,bullish,decisive,moderate,reversal,up,518.15,sideways,0.0
2025-06-23 10:35:00+05:30,518.0,518.2,516.4,516.85,24171,5minute,-0.5524999278127731,unknown,bearish_harami,bearish_harami,518.0,518.2,516.4,516.85,0.002225016929476593,0.565217391304438,1.5652037808367785,bearish,decisive,moderate,reversal,down,516.85,sideways,0.0
2025-06-23 10:40:00+05:30,516.85,517.6,515.55,517.6,14581,5minute,-0.7689634993625888,unknown,unknown,unknown,,,,,,,2.7332968893748992,,,,,,,sideways,
2025-06-23 10:45:00+05:30,517.6,519.5,517.5,518.65,42086,5minute,0.36940086478237255,bullish_belt_hold,unknown,bullish_belt_hold,517.6,519.5,517.5,518.65,0.002024486648028448,0.9047619047619873,1.9047437643451839,bullish,decisive,moderate,reversal,up,518.65,sideways,0.0
2025-06-23 10:50:00+05:30,518.9,519.0,517.0,517.6,9321,5minute,-0.8391427735662182,bearish_belt_hold,counterattack,counterattack,518.9,519.0,517.0,517.6,0.0025115919629056307,0.5384615384615923,1.538449704233098,depends,decisive,moderate,reversal,trend,515.65,down,-0.35
2025-06-23 10:55:00+05:30,517.6,517.6,516.0,517.45,37021,5minute,0.7346750299138725,bearish_belt_hold,unknown,bearish_belt_hold,517.6,517.6,516.0,517.45,0.00028988308049082473,9.666666666668435,10.66595560296157,bearish,decisive,moderate,reversal,down,513.55,down,-0.66
2025-06-23 11:00:00+05:30,517.3,517.3,515.55,515.65,11684,5minute,-0.9256202440861396,bearish_belt_hold,unknown,bearish_belt_hold,517.3,517.3,515.55,515.65,0.0031998448560069375,0.06060606060607522,1.060599632729513,bearish,decisive,moderate,reversal,down,514.35,down,-0.19
2025-06-23 11:05:00+05:30,515.65,515.9,514.1,514.5,22408,5minute,0.0140773116949992,unknown,unknown,unknown,,,,,,,1.5652037808366797,,,,,,,sideways,
2025-06-23 11:10:00+05:30,514.5,515.4,513.5,515.35,13185,5minute,-0.7881885536778653,unknown,unknown,unknown,,,,,,,2.2352678203784975,,,,,,,sideways,
2025-06-23 11:15:00+05:30,515.35,515.35,514.0,514.35,13095,5minute,-0.8052850362633297,bearish_belt_hold,bearish_engulfing,bearish_engulfing,515.35,515.35,514.0,514.35,0.001944201419267036,0.35000000000002274,1.3499865001350213,bearish,decisive,strong,reversal,down,514.35,sideways,0.0
2025-06-23 11:20:00+05:30,514.65,515.35,514.3,515.0,11519,5minute,-0.8903004360921636,unknown,bullish_harami,bullish_harami,514.65,515.35,514.3,515.0,0.000679611650485481,2.0,2.999914288163195,bullish,decisive,moderate,reversal,up,516.85,up,0.0
2025-06-23 11:25:00+05:30,515.0,516.9,515.0,516.85,11414,5minute,-0.7772584266405573,bullish_belt_hold,unknown,bullish_belt_hold,515.0,516.9,515.0,516.85,0.00357937506046246,0.027027027027002114,1.0270214755595666,bullish,decisive,moderate,reversal,up,516.85,sideways,0.0
2025-06-23 11:30:00+05:30,516.9,517.0,514.5,514.55,7548,5minute,-0.9929003971390614,bearish_belt_hold,bearish_engulfing,bearish_engulfing,516.9,517.0,514.5,514.55,0.004567097463803368,0.06382978723403226,1.063825260318031,bearish,decisive,strong,reversal,down,514.55,sideways,0.0
2025-06-23 11:35:00+05:30,514.55,515.0,514.5,514.8,3457,5minute,-1.2202926588558205,unknown,tweezer_bottom,tweezer_bottom,514.55,515.0,514.5,514.8,0.0004856254856254857,1.0,1.9999200031998718,bullish,decisive,moderate,reversal,up,514.8,sideways,0.0
2025-06-23 11:40:00+05:30,514.55,514.8,513.8,514.15,8499,5minute,-0.7069179273518196,unknown,separating_lines_bearish,separating_lines_bearish,514.55,514.8,513.8,514.15,0.0007779830788679905,1.500000000000142,2.499937501562603,bearish,decisive,strong,continuation,down,514.15,sideways,0.0
2025-06-23 11:45:00+05:30,514.15,514.95,514.1,514.85,4746,5minute,-0.9042246764475557,bullish_belt_hold,unknown,bullish_belt_hold,514.15,514.95,514.1,514.85,0.0013596193065942418,0.2142857142856679,1.2142683675947024,bullish,decisive,moderate,reversal,up,514.85,sideways,0.0
2025-06-23 11:50:00+05:30,514.85,515.1,513.5,513.55,11273,5minute,-0.30894654358301216,unknown,bearish_engulfing,bearish_engulfing,514.85,515.1,513.5,513.55,0.0025313990848020024,0.23076923076918368,1.2307597633863883,bearish,decisive,strong,reversal,down,513.55,sideways,0.0
2025-06-23 11:55:00+05:30,513.55,514.45,513.5,514.0,9953,5minute,-0.3065535066531069,unknown,tweezer_bottom,tweezer_bottom,513.55,514.45,513.5,514.0,0.0008754863813230457,1.1111111111109988,2.111064198573253,bullish,decisive,moderate,reversal,up,516.05,up,0.38
2025-06-23 12:00:00+05:30,513.65,514.7,513.55,514.7,6952,5minute,-0.639067932785643,bullish_belt_hold,unknown,bullish_belt_hold,513.65,514.7,513.55,514.7,0.0020400233145522985,0.0952380952381107,1.0952276644984487,bullish,decisive,moderate,reversal,up,514.7,sideways,0.0
2025-06-23 12:05:00+05:30,514.4,514.65,513.55,514.1,5376,5minute,-0.9928636658879532,unknown,bearish_harami,bearish_harami,514.4,514.65,513.55,514.1,0.0005835440575762585,2.6666666666672985,3.666544448519014,bearish,decisive,moderate,reversal,down,514.1,sideways,0.0
2025-06-23 12:10:00+05:30,514.1,515.75,513.8,514.95,16295,5minute,1.1750218106384862,unknown,unknown,unknown,,,,,,,2.2940906577569598,,,,,,,sideways,
2025-06-23 12:15:00+05:30,514.45,515.45,514.2,515.3,9431,5minute,-0.013955499929851633,unknown,unknown,unknown,,,,,,,1.470570934459752,,,,,,,sideways,
2025-06-23 12:20:00+05:30,515.3,516.5,515.1,515.8,10657,5minute,0.3884409611526147,unknown,three_white_soldiers,three_white_soldiers,515.3,516.5,515.1,515.8,0.0009693679720822024,1.7999999999999545,2.7999440011199326,bullish,decisive,strong,continuation,up,515.8,sideways,0.0
2025-06-23 12:25:00+05:30,515.8,516.1,515.35,515.7,16980,5minute,1.8781096734561027,unknown,unknown,unknown,,,,,,,7.4992500749993205,,,,,,,sideways,
2025-06-23 12:30:00+05:30,515.7,516.3,515.45,516.05,7857,5minute,-0.372099215008061,unknown,unknown,unknown,,,,,,,2.428502042799148,,,,,,,sideways,
2025-06-23 12:35:00+05:30,516.05,516.05,515.15,515.45,6088,5minute,-0.7188409828806225,bearish_belt_hold,bearish_engulfing,bearish_engulfing,516.05,516.05,515.15,515.45,0.0011640314288484024,0.5000000000001895,1.4999750004168493,bearish,decisive,strong,reversal,down,515.45,sideways,0.0
2025-06-23 12:40:00+05:30,515.45,516.1,515.3,515.95,6970,5minute,-0.48358516171095645,unknown,unknown,unknown,,,,,,,1.5999680006401238,,,,,,,sideways,
2025-06-23 12:45:00+05:30,516.0,516.2,515.25,515.85,6862,5minute,-0.6121509823966628,unknown,evening_star,evening_star,515.85,516.0,515.55,515.6,0.0004848719937936385,0.8000000000001819,6.332911139258646,bearish,decisive,strong,reversal,down,515.6,sideways,0.0
2025-06-23 12:50:00+05:30,515.85,516.0,515.55,515.6,5183,5minute,-0.9620261105927694,unknown,unknown,unknown,,,,,,,1.7999280028800666,,,,,,,sideways,
2025-06-23 12:55:00+05:30,515.6,516.95,515.6,516.45,13191,5minute,0.9635027073245613,bullish_belt_hold,unknown,bullish_belt_hold,515.6,516.95,515.6,516.45,0.001645851486107121,0.5882352941176313,1.5882166092163466,bullish,decisive,moderate,reversal,up,516.95,up,0.02
2025-06-23 13:00:00+05:30,516.5,517.55,516.25,516.85,10761,5minute,0.3392963729046831,unknown,unknown,unknown,,,,,,,3.7141795948683467,,,,,,,sideways,
2025-06-23 13:05:00+05:30,516.4,517.0,516.2,516.95,12043,5minute,0.6265803329933585,unknown,unknown,unknown,,,,,,,1.4545190087450326,,,,,,,sideways,
2025-06-23 13:10:00+05:30,516.95,517.3,516.0,516.05,12612,5minute,0.6698667734722901,unknown,bearish_engulfing,bearish_engulfing,516.95,517.3,516.0,516.05,0.0017440170526113574,0.44444444444424797,1.4444283952398564,bearish,decisive,strong,reversal,down,516.05,sideways,0.0
2025-06-23 13:15:00+05:30,516.05,517.0,516.05,516.45,6255,5minute,-1.009973522744202,bullish_belt_hold,unknown,bullish_belt_hold,516.05,517.0,516.05,516.45,0.0007745183464035064,1.3749999999995737,2.3749406264839115,bullish,decisive,moderate,reversal,up,516.45,sideways,0.0
2025-06-23 13:20:00+05:30,516.45,516.45,515.35,515.6,12904,5minute,0.8852988147270158,bearish_belt_hold,bearish_engulfing,bearish_engulfing,516.45,516.45,515.35,515.6,0.0016485647788984149,0.29411764705881566,1.2941024223244355,bearish,decisive,strong,reversal,down,515.35,down,-0.01
2025-06-23 13:25:00+05:30,515.6,516.15,515.1,515.35,8058,5minute,-0.48318006148495984,unknown,unknown,unknown,,,,,,,4.199832006719549,,,,,,,sideways,
2025-06-23 13:30:00+05:30,515.75,516.05,515.3,515.4,6447,5minute,-0.8357659876233943,unknown,unknown,unknown,,,,,,,2.142795920116429,,,,,,,sideways,
2025-06-23 13:35:00+05:30,515.5,515.8,515.4,515.8,6370,5minute,-0.7899035347466744,unknown,unknown,unknown,,,,,,,1.3332888903704472,,,,,,,sideways,
2025-06-23 13:40:00+05:30,515.7,516.7,515.7,516.5,12645,5minute,1.1661122074857257,bullish_belt_hold,unknown,bullish_belt_hold,515.7,516.7,515.7,516.5,0.0015488867376572209,0.25000000000007105,1.2499843751953812,bullish,decisive,moderate,reversal,up,518.25,up,0.28
2025-06-23 13:45:00+05:30,516.65,516.9,516.35,516.8,7013,5minute,-0.6836343351785603,unknown,stalled_pattern,stalled_pattern,516.65,516.9,516.35,516.8,0.0002902476780185319,2.666666666666919,3.6664222385176846,bearish,indecision,moderate,reversal,down,516.8,sideways,0.0
2025-06-23 13:50:00+05:30,516.8,517.95,516.65,517.5,25356,5minute,2.8556597670991866,unknown,unknown,unknown,,,,,,,1.8571163269095925,,,,,,,sideways,
2025-06-23 13:55:00+05:30,517.5,518.4,517.5,517.95,22147,5minute,1.7807554547886348,bullish_belt_hold,three_white_soldiers,three_white_soldiers,517.5,518.4,517.5,517.95,0.0008688097306690713,0.9999999999997473,1.9999555565429352,bullish,decisive,strong,continuation,up,518.25,up,0.06
2025-06-23 14:00:00+05:30,517.95,518.4,517.35,518.25,9593,5minute,-0.38744410404852525,hammer,three_white_soldiers,three_white_soldiers,517.95,518.4,517.35,518.25,0.0005788712011576547,2.500000000000379,3.4998833372224714,bullish,decisive,strong,continuation,up,518.25,sideways,0.0
2025-06-23 14:05:00+05:30,518.1,518.25,517.5,517.95,8868,5minute,-0.4571476786561445,unknown,evening_star,evening_star,517.9,518.4,517.5,517.7,0.00038632412594153325,3.500000000001421,4.999666688888165,bearish,decisive,strong,reversal,down,517.7,sideways,0.0
2025-06-23 14:10:00+05:30,517.9,518.4,517.5,517.7,14940,5minute,0.5375111676643975,unknown,morning_star,morning_star,517.7,520.5,517.4,520.2,0.004805843906189927,0.2400000000000091,4.4997750112508585,bullish,decisive,strong,reversal,up,520.5,up,0.0
2025-06-23 14:15:00+05:30,517.7,520.5,517.4,520.2,55914,5minute,3.114157035026314,unknown,unknown,unknown,,,,,,,1.239995040019849,,,,,,,sideways,
2025-06-23 14:20:00+05:30,520.2,524.4,520.2,520.5,85710,5minute,2.850994425114985,bullish_belt_hold,unknown,bullish_belt_hold,520.2,524.4,520.2,520.5,0.0005763688760806043,13.000000000001895,13.999533348890264,bullish,decisive,moderate,reversal,up,520.5,sideways,0.0
2025-06-23 14:25:00+05:30,520.5,520.5,518.05,519.15,21074,5minute,-0.006318963229164755,bearish_belt_hold,bearish_engulfing,bearish_engulfing,520.5,520.5,518.05,519.15,0.0026004045073678567,0.814814814814818,1.814801371841693,bearish,decisive,strong,reversal,down,519.15,down,0.0
2025-06-23 14:30:00+05:30,518.95,520.0,518.55,519.0,38722,5minute,0.682042783800696,doji,morning_doji_star,morning_doji_star,519.0,520.45,518.55,520.45,0.0027860505331925166,0.3103448275862285,28.99420115979532,bullish,indecision,strong,reversal,up,521.7,up,0.2
2025-06-23 14:35:00+05:30,519.0,520.45,518.55,520.45,18026,5minute,-0.25416128970776963,unknown,unknown,unknown,,,,,,,1.3103357907876714,,,,,,,sideways,
2025-06-23 14:40:00+05:30,520.4,521.7,520.0,521.45,45575,5minute,0.8364234640022713,unknown,three_white_soldiers,three_white_soldiers,520.4,521.7,520.0,521.45,0.002013615878799632,0.6190476190475572,1.6190321996932744,bullish,decisive,strong,continuation,up,521.45,sideways,0.0
2025-06-23 14:45:00+05:30,521.05,521.75,519.75,520.75,25803,5minute,-0.09797435195824271,unknown,bearish_harami,bearish_harami,521.05,521.75,519.75,520.75,0.0005760921747478724,5.666666666667677,6.666444451852615,bearish,decisive,moderate,reversal,down,520.75,down,0.0
2025-06-23 14:50:00+05:30,521.05,521.8,520.15,520.65,26938,5minute,-0.09467223462545624,unknown,morning_star,morning_star,520.65,522.7,520.65,521.7,0.0020126509488212923,0.9523809523808905,4.124896877578238,bullish,decisive,strong,reversal,up,521.7,sideways,0.0
2025-06-23 14:55:00+05:30,520.65,522.7,520.65,521.7,38318,5minute,0.3433809882285432,bullish_belt_hold,unknown,bullish_belt_hold,520.65,522.7,520.65,521.7,0.0020126509488212923,0.9523809523808905,1.9523623584536671,bullish,decisive,moderate,reversal,up,521.7,sideways,0.0
2025-06-23 15:00:00+05:30,522.3,522.3,520.0,520.7,25413,5minute,-0.2805370784730074,bearish_belt_hold,unknown,bearish_belt_hold,522.3,522.3,520.0,520.7,0.00307278663337797,0.4375000000000533,1.4374910156812053,bearish,decisive,moderate,reversal,down,518.7,down,-0.11
2025-06-23 15:05:00+05:30,520.55,521.0,518.5,519.25,41463,5minute,0.4286787772122541,unknown,unknown,unknown,,,,,,,1.9230621302913726,,,,,,,sideways,
2025-06-23 15:10:00+05:30,518.95,519.0,517.85,518.7,39327,5minute,0.23454782566247837,hanging_man,unknown,hanging_man,518.95,519.0,517.85,518.7,0.00048197416618469245,3.599999999999909,4.599816007359615,bearish,decisive,moderate,reversal,down,518.7,sideways,0.0
2025-06-23 15:15:00+05:30,519.0,519.4,518.0,518.9,42167,5minute,0.2779435216875997,doji,unknown,doji,519.0,519.4,518.0,518.9,0.00019271535941418913,12.99999999999659,13.998600139982592,neutral,indecision,,reversal,trend,519.9,up,0.21
2025-06-23 15:20:00+05:30,518.75,518.9,517.3,518.8,71544,5minute,1.5840888082106133,doji,morning_doji_star,morning_doji_star,518.7,520.35,518.45,519.9,0.002308136180034491,0.5833333333334044,31.993601279773596,bullish,indecision,strong,reversal,up,519.9,sideways,0.0
2025-06-23 15:25:00+05:30,518.7,520.35,518.45,519.9,42038,5minute,0.10077058725773214,unknown,unknown,unknown,,,,,,,1.5833201389989127,,,,,,,sideways,
2025-06-24 09:15:00+05:30,530.0,534.75,529.05,529.05,214876,5minute,3.3452296528837664,shooting_star,unknown,shooting_star,530.0,534.75,529.05,529.05,0.001795671486627059,4.999999999999761,5.999936842769837,bearish,decisive,moderate,reversal,down,529.05,sideways,0.0
2025-06-24 09:20:00+05:30,530.0,541.85,529.9,540.7,210176,5minute,2.278617350711255,bullish_belt_hold,separating_lines_bullish,separating_lines_bullish,530.0,541.85,529.9,540.7,0.019789162197151922,0.11682242990654156,1.1168213861482368,bullish,decisive,strong,continuation,up,540.7,sideways,0.0
2025-06-24 09:25:00+05:30,541.0,541.1,532.25,537.1,144345,5minute,1.0918900901492388,bearish_belt_hold,unknown,bearish_belt_hold,541.0,541.1,532.25,537.1,0.007261217650344399,1.2692307692307883,2.2692249507052735,bearish,decisive,moderate,reversal,down,537.1,sideways,0.0
2025-06-24 09:30:00+05:30,537.1,546.45,536.8,540.0,264833,5minute,2.1213857561180105,inverted_hammer,unknown,inverted_hammer,537.1,546.45,536.8,540.0,0.005370370370370328,2.3275862068966093,3.3275747325009797,bullish,decisive,weak,reversal,up,540.0,sideways,0.0
2025-06-24 09:35:00+05:30,540.75,541.15,533.55,535.4,161369,5minute,0.7694569379593864,bearish_belt_hold,bearish_engulfing,bearish_engulfing,540.75,541.15,533.55,535.4,0.009992528950317563,0.4205607476635496,1.420558092414779,bearish,decisive,strong,reversal,down,535.4,sideways,0.0
2025-06-24 09:40:00+05:30,535.0,546.0,535.0,544.8,187532,5minute,0.9349150509706717,bullish_belt_hold,unknown,bullish_belt_hold,535.0,546.0,535.0,544.8,0.017988252569750285,0.12244897959184195,1.122447834236909,bullish,decisive,moderate,reversal,up,544.8,sideways,0.0
2025-06-24 09:45:00+05:30,544.0,548.0,542.35,542.75,292251,5minute,1.745381470373798,shooting_star,bearish_harami,bearish_harami,544.0,548.0,542.35,542.75,0.0023030861354214646,3.519999999999982,4.519963840289259,bearish,decisive,moderate,reversal,down,535.85,down,-1.22
2025-06-24 09:50:00+05:30,542.75,543.7,539.35,540.65,111188,5minute,-0.22790125666740832,unknown,unknown,unknown,,,,,,,2.0714187075299524,,,,,,,sideways,
2025-06-24 09:55:00+05:30,540.65,542.75,539.5,542.45,95407,5minute,-0.47843859942959166,unknown,unknown,unknown,,,,,,,1.8055455247470162,,,,,,,sideways,
2025-06-24 10:00:00+05:30,542.45,543.35,540.7,542.0,55477,5minute,-0.9611123469947439,unknown,evening_star,evening_star,542.0,542.15,539.2,540.85,0.0021262827031524032,1.5652173913043392,5.888758027598741,bearish,decisive,strong,reversal,down,535.85,down,-0.92
2025-06-24 10:05:00+05:30,542.0,542.15,539.2,540.85,45559,5minute,-1.0885496552331764,unknown,unknown,unknown,,,,,,,2.5651950852601195,,,,,,,sideways,
2025-06-24 10:10:00+05:30,540.6,541.3,540.45,540.85,31346,5minute,-1.2318146550510995,unknown,unknown,unknown,,,,,,,3.3998640054394187,,,,,,,sideways,
2025-06-24 10:15:00+05:30,540.65,541.25,539.05,540.0,21351,5minute,-1.2494407458279455,unknown,evening_star,evening_star,539.7,540.45,539.15,539.15,0.0010201242696838881,1.3636363636361946,3.384563314410736,bearish,decisive,strong,reversal,down,535.85,down,-0.5
2025-06-24 10:20:00+05:30,539.7,540.45,539.15,539.15,21965,5minute,-1.2038337027486719,unknown,unknown,unknown,,,,,,,2.363593389210936,,,,,,,sideways,
2025-06-24 10:25:00+05:30,539.15,539.9,536.9,538.55,69356,5minute,-0.5870516590345932,unknown,unknown,unknown,,,,,,,4.999916668055343,,,,,,,sideways,
2025-06-24 10:30:00+05:30,538.55,538.55,535.2,535.85,40094,5minute,-0.7882015375985737,bearish_belt_hold,three_black_crows,three_black_crows,538.55,538.55,535.2,535.85,0.005038723523373951,0.2407407407407384,1.2407361454216812,bearish,decisive,strong,continuation,down,535.85,sideways,0.0
2025-06-24 10:35:00+05:30,535.85,539.5,535.85,539.3,50284,5minute,-0.5928343256132297,bullish_belt_hold,unknown,bullish_belt_hold,535.85,539.5,535.85,539.3,0.006397181531614931,0.05797101449276795,1.0579679479190058,bullish,decisive,moderate,reversal,up,539.3,sideways,0.0
2025-06-24 10:40:00+05:30,539.3,539.3,537.4,538.05,24216,5minute,-0.7879218614762725,bearish_belt_hold,unknown,bearish_belt_hold,539.3,539.3,537.4,538.05,0.0023232041631818605,0.5199999999999818,1.5199878400972608,bearish,decisive,moderate,reversal,down,536.0,down,-0.37
2025-06-24 10:45:00+05:30,538.05,538.05,536.75,536.75,15219,5minute,-0.7799575231159724,bearish_belt_hold,unknown,bearish_belt_hold,538.05,538.05,536.75,536.75,0.0024219841639496124,0.0,0.9999923077514787,bearish,decisive,moderate,reversal,down,536.75,sideways,0.0
2025-06-24 10:50:00+05:30,536.75,537.75,536.15,537.3,19919,5minute,-0.6113496315649706,unknown,unknown,unknown,,,,,,,2.909038017490873,,,,,,,sideways,
2025-06-24 10:55:00+05:30,537.3,539.6,537.05,537.85,26101,5minute,-0.6361029936545786,inverted_hammer,unknown,inverted_hammer,537.3,539.6,537.05,537.85,0.001022589941433612,3.6363636363631855,4.636279340375179,bullish,decisive,weak,reversal,up,537.85,sideways,0.0
2025-06-24 11:00:00+05:30,537.85,538.3,537.35,537.35,12576,5minute,-1.0709331371325672,unknown,unknown,unknown,,,,,,,1.8999620007598486,,,,,,,sideways,
2025-06-24 11:05:00+05:30,537.55,537.7,536.65,537.1,25725,5minute,-0.42071417964637636,unknown,unknown,unknown,,,,,,,2.3332814826342245,,,,,,,sideways,
2025-06-24 11:10:00+05:30,537.1,537.55,536.3,536.5,11080,5minute,-1.1316728588046308,unknown,three_black_crows,three_black_crows,537.1,537.55,536.3,536.5,0.0011183597390494366,1.0833333333332544,2.0832986116897265,bearish,decisive,strong,continuation,down,536.0,down,-0.06
2025-06-24 11:15:00+05:30,536.5,536.9,535.7,536.05,15044,5minute,-0.768766600553669,unknown,three_black_crows,three_black_crows,536.5,536.9,535.7,536.05,0.0008394739296708246,1.6666666666662455,2.6666074087238294,bearish,decisive,strong,continuation,down,536.05,sideways,0.0
2025-06-24 11:20:00+05:30,536.3,537.0,536.0,536.3,10697,5minute,-0.9155207042516185,doji,unknown,doji,536.3,537.0,536.0,536.3,0.0,0.0,99999.99999999999,neutral,indecision,,reversal,trend,538.0,up,0.37
2025-06-24 11:25:00+05:30,536.3,536.45,535.55,536.0,11979,5minute,-0.7806378492183679,unknown,unknown,unknown,,,,,,,2.99990000333398,,,,,,,sideways,
2025-06-24 11:30:00+05:30,536.0,536.9,535.45,536.9,14219,5minute,-0.6084249083878677,unknown,unknown,unknown,,,,,,,1.6110932100754085,,,,,,,sideways,
2025-06-24 11:35:00+05:30,536.9,536.9,535.9,536.5,9081,5minute,-0.9421242502436687,bearish_belt_hold,tweezer_top,tweezer_top,536.9,536.9,535.9,536.5,0.0007455731593662204,1.500000000000142,2.499937501562603,bearish,decisive,moderate,reversal,down,536.5,sideways,0.0
2025-06-24 11:40:00+05:30,536.7,538.0,536.6,538.0,7819,5minute,-0.9330997908016532,bullish_belt_hold,unknown,bullish_belt_hold,536.7,538.0,536.6,538.0,0.0024163568773233357,0.0769230769230971,1.076914792963151,bullish,decisive,moderate,reversal,up,539.25,up,0.18
2025-06-24 11:45:00+05:30,538.0,538.55,537.85,538.4,12512,5minute,-0.4787055121430313,unknown,unknown,unknown,,,,,,,1.7499562510936515,,,,,,,sideways,
2025-06-24 11:50:00+05:30,538.45,539.5,538.25,538.3,19340,5minute,0.7439777773800653,shooting_star,unknown,shooting_star,538.45,539.5,538.25,538.3,0.00027865502507912123,7.33333333332828,8.332777814807294,bearish,decisive,moderate,reversal,down,538.3,sideways,0.0
2025-06-24 11:55:00+05:30,538.65,539.15,537.55,539.0,11116,5minute,-0.6347005050568879,hammer,bullish_kicker,bullish_kicker,538.65,539.15,537.55,539.0,0.0006493506493506915,3.5714285714283394,4.571297962915113,bullish,decisive,strong,reversal,up,546.45,up,1.38
2025-06-24 12:00:00+05:30,539.0,539.8,538.75,539.25,10992,5minute,-0.5573923338554382,unknown,unknown,unknown,,,,,,,4.199832006719549,,,,,,,sideways,
2025-06-24 12:05:00+05:30,539.25,539.25,538.5,539.1,5245,5minute,-1.4818552553757682,bearish_belt_hold,unknown,bearish_belt_hold,539.25,539.25,538.5,539.1,0.000278241513633792,4.000000000000758,4.999666688888165,bearish,decisive,moderate,reversal,down,539.1,sideways,0.0
2025-06-24 12:10:00+05:30,539.1,539.35,538.55,539.15,6969,5minute,-1.0121624461998215,doji,unknown,doji,539.1,539.35,538.55,539.15,9.27385699711667e-05,15.000000000015916,15.996800639887935,neutral,indecision,,reversal,trend,541.35,up,0.44
2025-06-24 12:15:00+05:30,539.2,539.4,538.7,539.0,11394,5minute,0.04104445423570759,unknown,bearish_engulfing,bearish_engulfing,539.2,539.4,538.7,539.0,0.00037105751391474116,2.499999999998863,3.4998250087484255,bearish,decisive,strong,reversal,down,539.0,sideways,0.0
2025-06-24 12:20:00+05:30,539.85,542.5,539.35,541.35,52812,5minute,3.311068084275365,unknown,bullish_kicker,bullish_kicker,539.85,542.5,539.35,541.35,0.0027708506511499027,1.0999999999999848,2.0999860000933173,bullish,decisive,strong,reversal,up,541.35,sideways,0.0
2025-06-24 12:25:00+05:30,540.9,541.1,539.05,540.9,21004,5minute,0.538337862056505,doji,unknown,doji,540.9,541.1,539.05,540.9,0.0,0.0,205000.0000000068,neutral,indecision,,reversal,trend,541.35,up,0.36
2025-06-24 12:30:00+05:30,540.85,540.9,540.25,540.65,7785,5minute,-0.560217232545074,unknown,unknown,unknown,,,,,,,3.249837508123741,,,,,,,sideways,
2025-06-24 12:35:00+05:30,540.65,541.6,540.3,540.5,13385,5minute,-0.09793099574304559,unknown,unknown,unknown,,,,,,,8.666088927406607,,,,,,,sideways,
2025-06-24 12:40:00+05:30,540.5,540.65,538.85,539.4,16722,5minute,0.16780098039212274,unknown,three_black_crows,three_black_crows,540.5,540.65,538.85,539.4,0.0020393029291806133,0.6363636363635612,1.6363487604657387,bearish,decisive,strong,continuation,down,539.4,sideways,0.0
2025-06-24 12:45:00+05:30,539.0,541.45,539.0,541.35,19429,5minute,0.3348975370446723,bullish_belt_hold,unknown,bullish_belt_hold,539.0,541.45,539.0,541.35,0.004340999353468223,0.042553191489370965,1.0425487551116897,bullish,decisive,moderate,reversal,up,541.35,sideways,0.0
2025-06-24 12:50:00+05:30,541.45,541.45,540.3,540.85,10753,5minute,-0.42026595956397617,bearish_belt_hold,tweezer_top,tweezer_top,541.45,541.45,540.3,540.85,0.0011093648886013178,0.9166666666667456,1.9166347227546998,bearish,decisive,moderate,reversal,down,540.85,sideways,0.0
2025-06-24 12:55:00+05:30,541.1,545.05,540.4,544.0,68190,5minute,2.665737481580794,unknown,unknown,unknown,,,,,,,1.6034427467491539,,,,,,,sideways,
2025-06-24 13:00:00+05:30,544.0,545.0,542.5,544.2,40934,5minute,1.034895196750908,doji,unknown,doji,544.0,545.0,542.5,544.2,0.000367511944138268,11.499999999997158,12.499375031245595,neutral,indecision,,reversal,trend,546.45,up,0.28
2025-06-24 13:05:00+05:30,544.65,545.75,544.25,544.9,41757,5minute,0.9384115339551897,unknown,unknown,unknown,,,,,,,5.9997600095996155,,,,,,,sideways,
2025-06-24 13:10:00+05:30,544.9,546.95,544.7,546.45,61948,5minute,1.6081027880485121,unknown,unknown,unknown,,,,,,,1.4516035380416261,,,,,,,sideways,
2025-06-24 13:15:00+05:30,546.5,546.5,544.75,545.15,31246,5minute,0.11369617629151758,bearish_belt_hold,unknown,bearish_belt_hold,546.5,546.5,544.75,545.15,0.002476382646977938,0.29629629629627446,1.2962866941726139,bearish,decisive,moderate,reversal,down,545.15,sideways,0.0
2025-06-24 13:20:00+05:30,545.2,546.9,544.8,546.05,82607,5minute,1.9953584097363042,unknown,bullish_harami,bullish_harami,545.2,546.9,544.8,546.05,0.0015566340078745702,1.4705882352944089,2.47055916989241,bullish,decisive,moderate,reversal,up,546.05,sideways,0.0
2025-06-24 13:25:00+05:30,545.95,546.75,544.8,545.65,51436,5minute,0.6039523215798371,unknown,bearish_harami,bearish_harami,545.95,546.75,544.8,545.65,0.0005498029872630225,5.499999999998674,6.499783340553988,bearish,decisive,moderate,reversal,down,539.0,down,-0.78
2025-06-24 13:30:00+05:30,545.65,545.9,542.6,543.2,85293,5minute,1.7154976197824792,unknown,unknown,unknown,,,,,,,1.3469332778233747,,,,,,,sideways,
2025-06-24 13:35:00+05:30,543.2,543.45,541.2,543.1,70345,5minute,1.0006365983005832,doji,three_black_crows,three_black_crows,543.2,543.45,541.2,543.1,0.00018412815319466532,21.499999999994884,22.49775022497239,bearish,decisive,strong,continuation,down,543.1,sideways,0.0
2025-06-24 13:40:00+05:30,542.7,545.0,542.1,543.25,49124,5minute,0.12528225507046525,unknown,unknown,unknown,,,,,,,5.272631406702091,,,,,,,sideways,
2025-06-24 13:45:00+05:30,543.2,543.25,541.55,541.95,31972,5minute,-0.6366688409997234,bearish_belt_hold,bearish_engulfing,bearish_engulfing,543.2,543.25,541.55,541.95,0.0023064858381769532,0.3600000000000364,1.3599891200870755,bearish,decisive,strong,reversal,down,541.95,sideways,0.0
2025-06-24 13:50:00+05:30,541.95,543.25,540.4,542.85,47290,5minute,-0.09664432044790404,unknown,unknown,unknown,,,,,,,3.166631481872529,,,,,,,sideways,
2025-06-24 13:55:00+05:30,543.2,543.8,542.25,543.05,24459,5minute,-1.1584958476907752,doji,unknown,doji,543.2,543.8,542.25,543.05,0.0002762176595158659,9.333333333326765,10.33264449036074,neutral,indecision,,reversal,trend,540.55,down,-0.36
2025-06-24 14:00:00+05:30,543.25,544.3,542.5,542.5,26370,5minute,-1.224052919455799,unknown,unknown,unknown,,,,,,,2.3999680004266004,,,,,,,sideways,
2025-06-24 14:05:00+05:30,542.5,542.5,539.05,540.55,53328,5minute,0.1779391268727395,bearish_belt_hold,unknown,bearish_belt_hold,542.5,542.5,539.05,540.55,0.003607436869854862,0.7692307692307513,1.7692216962989753,bearish,decisive,moderate,reversal,down,540.55,sideways,0.0
2025-06-24 14:10:00+05:30,540.45,541.7,540.0,541.3,15925,5minute,-1.5027479088098052,unknown,unknown,unknown,,,,,,,1.9999764708653163,,,,,,,sideways,
2025-06-24 14:15:00+05:30,541.3,542.15,541.05,541.8,14003,5minute,-1.3812948526317972,unknown,unknown,unknown,,,,,,,2.1999560008800283,,,,,,,sideways,
2025-06-24 14:20:00+05:30,541.8,541.95,540.55,541.15,12117,5minute,-1.2463938134987977,unknown,bearish_engulfing,bearish_engulfing,541.8,541.95,540.55,541.15,0.0012011457082139467,1.1538461538463691,2.1538130182614728,bearish,decisive,strong,reversal,down,540.0,down,0.0
2025-06-24 14:25:00+05:30,541.2,541.2,539.4,540.0,22955,5minute,-0.7657481195600595,bearish_belt_hold,unknown,bearish_belt_hold,541.2,541.2,539.4,540.0,0.0022222222222223064,0.5,1.4999875001041658,bearish,decisive,moderate,reversal,down,540.0,sideways,0.0
2025-06-24 14:30:00+05:30,539.8,541.6,539.8,541.2,20753,5minute,-0.7491478905928357,bullish_belt_hold,unknown,bullish_belt_hold,539.8,541.6,539.8,541.2,0.0025868440502588522,0.2857142857142509,1.2857051021063786,bullish,decisive,moderate,reversal,up,541.65,up,0.01
2025-06-24 14:35:00+05:30,541.2,541.85,540.75,541.65,11243,5minute,-1.016309412275851,unknown,unknown,unknown,,,,,,,2.4443901246643174,,,,,,,sideways,
2025-06-24 14:40:00+05:30,541.5,542.0,541.5,541.6,10874,5minute,-0.9919774838629464,bullish_belt_hold,stalled_pattern,stalled_pattern,541.5,542.0,541.5,541.6,0.00018463810930580268,3.999999999998863,4.999500049993864,bearish,indecision,moderate,reversal,down,539.0,down,-0.45
2025-06-24 14:45:00+05:30,541.65,541.65,540.75,541.0,12476,5minute,-0.8569931165556522,bearish_belt_hold,bearish_engulfing,bearish_engulfing,541.65,541.65,540.75,541.0,0.0012014787430683499,0.38461538461539807,1.3845940831679648,bearish,decisive,strong,reversal,down,539.0,down,-0.35
2025-06-24 14:50:00+05:30,541.0,541.3,540.05,540.75,16210,5minute,-0.4995934408843635,unknown,unknown,unknown,,,,,,,4.99980000799968,,,,,,,sideways,
2025-06-24 14:55:00+05:30,540.65,541.0,540.4,540.9,17277,5minute,-0.34556790999992437,unknown,unknown,unknown,,,,,,,2.399904003839937,,,,,,,sideways,
2025-06-24 15:00:00+05:30,540.9,541.6,538.3,539.0,42958,5minute,1.7177578784181013,unknown,bearish_engulfing,bearish_engulfing,540.9,541.6,538.3,539.0,0.003525046382189197,0.7368421052632146,1.736832964037088,bearish,decisive,strong,reversal,down,539.0,sideways,0.0
2025-06-24 15:05:00+05:30,538.8,539.85,537.5,539.8,57786,5minute,2.141926281563994,unknown,unknown,unknown,,,,,,,2.3499765002350204,,,,,,,sideways,
2025-06-24 15:10:00+05:30,539.5,540.55,539.0,539.75,52639,5minute,1.5270332066173768,unknown,unknown,unknown,,,,,,,6.199752009919421,,,,,,,sideways,
2025-06-24 15:15:00+05:30,539.75,540.0,539.05,539.8,50189,5minute,1.4300091378795148,doji,stalled_pattern,stalled_pattern,539.75,540.0,539.05,539.8,9.262689885134222e-05,18.00000000001819,18.996200759866213,bearish,indecision,moderate,reversal,down,539.8,sideways,0.0
2025-06-24 15:20:00+05:30,540.15,541.45,540.15,541.45,45183,5minute,0.989168214828704,bullish_belt_hold,unknown,bullish_belt_hold,540.15,541.45,540.15,541.45,0.002400960384153787,0.0,0.9999923077514787,bullish,decisive,moderate,reversal,up,541.45,sideways,0.0
2025-06-24 15:25:00+05:30,541.2,542.4,540.0,540.5,74587,5minute,2.008855283833746,unknown,bearish_harami,bearish_harami,541.2,542.4,540.0,540.5,0.0012950971322850055,2.4285714285711735,3.4285224496790354,bearish,decisive,moderate,reversal,down,540.5,sideways,0.0
2025-06-25 09:15:00+05:30,545.0,549.6,541.4,542.95,179793,5minute,3.0790028960101496,shooting_star,morning_star,morning_star,542.95,545.95,542.85,545.0,0.0037614678899081733,0.5121951219512642,3.99998048790017,bullish,decisive,strong,reversal,up,548.85,up,0.25
2025-06-25 09:20:00+05:30,542.95,545.95,542.85,545.0,50087,5minute,0.09663641493669041,bullish_belt_hold,unknown,bullish_belt_hold,542.95,545.95,542.85,545.0,0.0037614678899081733,0.5121951219512642,1.5121877454256767,bullish,decisive,moderate,reversal,up,548.85,up,0.25
2025-06-25 09:25:00+05:30,545.5,549.5,545.25,548.85,77590,5minute,0.6308797911477605,bullish_belt_hold,unknown,bullish_belt_hold,545.5,549.5,545.25,548.85,0.006103671312744871,0.26865671641790184,1.268652929394232,bullish,decisive,moderate,reversal,up,548.85,sideways,0.0
2025-06-25 09:30:00+05:30,548.85,550.95,547.2,547.95,69519,5minute,0.361881322795247,shooting_star,unknown,shooting_star,548.85,550.95,547.2,547.95,0.0016424856282507112,3.1666666666667718,4.166620370884873,bearish,decisive,moderate,reversal,down,543.0,down,-0.82
2025-06-25 09:35:00+05:30,547.55,548.5,546.45,547.5,32141,5minute,-0.567314212010794,doji,unknown,doji,547.55,548.5,546.45,547.5,9.132420091315895e-05,40.00000000003638,40.99180163970843,neutral,indecision,,reversal,trend,544.6,down,-0.53
2025-06-25 09:40:00+05:30,547.35,547.35,544.5,544.6,68386,5minute,0.222362831001865,bearish_belt_hold,unknown,bearish_belt_hold,547.35,547.35,544.5,544.6,0.005049577671685641,0.03636363636364463,1.0363598677823072,bearish,decisive,moderate,reversal,down,544.05,down,0.0
2025-06-25 09:45:00+05:30,544.6,545.7,543.1,544.05,41124,5minute,-0.5335599614374287,unknown,unknown,unknown,,,,,,,4.727186778421666,,,,,,,sideways,
2025-06-25 09:50:00+05:30,544.05,545.0,543.4,544.95,41814,5minute,-0.5872860916210711,unknown,unknown,unknown,,,,,,,1.7777580249106801,,,,,,,sideways,
2025-06-25 09:55:00+05:30,544.95,545.3,543.85,544.3,17480,5minute,-1.153939801206209,unknown,unknown,unknown,,,,,,,2.2307349117701714,,,,,,,sideways,
2025-06-25 10:00:00+05:30,544.75,546.45,544.75,546.1,23223,5minute,-0.9056407026660362,bullish_belt_hold,unknown,bullish_belt_hold,544.75,546.45,544.75,546.1,0.0024720747115913252,0.25925925925927173,1.2592499314820014,bullish,decisive,moderate,reversal,up,546.1,sideways,0.0
2025-06-25 10:05:00+05:30,546.55,546.6,545.05,545.75,15411,5minute,-0.9943291495027591,bearish_belt_hold,unknown,bearish_belt_hold,546.55,546.6,545.05,545.75,0.001465872652313247,0.9375000000001954,1.937475781552926,bearish,decisive,moderate,reversal,down,543.0,down,-0.27
2025-06-25 10:10:00+05:30,545.75,545.75,544.0,544.5,15289,5minute,-0.9049802807704646,bearish_belt_hold,unknown,bearish_belt_hold,545.75,545.75,544.0,544.5,0.002295684113865932,0.4,1.3999888000895993,bearish,decisive,moderate,reversal,down,543.0,down,-0.2
2025-06-25 10:15:00+05:30,544.5,544.5,543.15,544.1,20625,5minute,-0.7229336056781506,bearish_belt_hold,three_black_crows,three_black_crows,544.5,544.5,543.15,544.1,0.0007351589781289786,2.3750000000002487,3.374915627109571,bearish,decisive,strong,continuation,down,543.0,down,-0.1
2025-06-25 10:20:00+05:30,544.1,544.25,543.3,543.55,13609,5minute,-0.7734963460302252,unknown,three_black_crows,three_black_crows,544.1,544.25,543.3,543.55,0.0010118664336308863,0.7272727272725957,1.727241322884907,bearish,decisive,strong,continuation,down,543.0,down,0.0
2025-06-25 10:25:00+05:30,543.55,543.85,542.25,543.0,17727,5minute,-0.8106748792407228,unknown,three_black_crows,three_black_crows,543.55,543.85,542.25,543.0,0.0010128913443829734,1.909090909091191,2.909038017490873,bearish,decisive,strong,continuation,down,543.0,sideways,0.0
2025-06-25 10:30:00+05:30,543.0,543.2,542.4,543.0,10358,5minute,-0.9861516865598807,doji,morning_doji_star,morning_doji_star,543.0,544.2,543.0,543.45,0.0008280430582391121,1.6666666666664982,80000.00000000681,bullish,indecision,strong,reversal,up,543.65,up,0.0
2025-06-25 10:35:00+05:30,543.0,544.2,543.0,543.45,13262,5minute,-0.7743781254265132,bullish_belt_hold,unknown,bullish_belt_hold,543.0,544.2,543.0,543.45,0.0008280430582391121,1.6666666666664982,2.666607408724082,bullish,decisive,moderate,reversal,up,543.65,up,0.0
2025-06-25 10:40:00+05:30,543.0,544.25,543.0,543.65,8680,5minute,-0.9427490652209839,bullish_belt_hold,unknown,bullish_belt_hold,543.0,544.25,543.0,543.65,0.0011956221833900069,0.9230769230769903,1.923047337733333,bullish,decisive,moderate,reversal,up,543.65,sideways,0.0
2025-06-25 10:45:00+05:30,543.5,543.75,542.55,542.85,12603,5minute,-0.6162470869577222,unknown,bearish_engulfing,bearish_engulfing,543.5,543.75,542.55,542.85,0.0011973841761075384,0.8461538461539807,1.8461254442240698,bearish,decisive,strong,reversal,down,542.85,sideways,0.0
2025-06-25 10:50:00+05:30,543.05,543.85,542.7,543.0,6042,5minute,-1.1452448428526445,doji,unknown,doji,543.05,543.85,542.7,543.0,9.20810313074669e-05,22.000000000020464,22.99540091983649,neutral,indecision,,reversal,trend,542.65,down,-0.08
2025-06-25 10:55:00+05:30,543.0,543.65,542.95,543.0,5290,5minute,-1.160408875830403,doji,morning_doji_star,morning_doji_star,543.0,543.5,542.7,543.1,0.00018412815319466532,6.999999999997726,69999.99999999318,bullish,indecision,strong,reversal,up,543.1,sideways,0.0
2025-06-25 11:00:00+05:30,543.0,543.5,542.7,543.1,6742,5minute,-1.2021976281471496,unknown,unknown,unknown,,,,,,,7.999200079989728,,,,,,,sideways,
2025-06-25 11:05:00+05:30,543.5,543.5,542.25,542.65,16806,5minute,0.6530849695974449,bearish_belt_hold,tweezer_top,tweezer_top,543.5,543.5,542.25,542.65,0.0015663871740532991,0.4705882352940783,1.4705709344595554,bearish,decisive,moderate,reversal,down,542.35,down,0.0
2025-06-25 11:10:00+05:30,542.65,543.0,542.15,542.35,5260,5minute,-1.344614249282549,unknown,unknown,unknown,,,,,,,2.8332388920374374,,,,,,,sideways,
2025-06-25 11:15:00+05:30,542.25,543.3,542.25,543.0,10107,5minute,-0.3036366011813408,bullish_belt_hold,unknown,bullish_belt_hold,542.25,543.3,542.25,543.0,0.0013812154696132596,0.39999999999993935,1.3999813335821583,bullish,decisive,moderate,reversal,up,543.0,sideways,0.0
2025-06-25 11:20:00+05:30,542.85,543.25,542.3,542.55,16211,5minute,0.9133961015096045,unknown,bearish_harami,bearish_harami,542.85,543.25,542.3,542.55,0.0005529444290850028,2.166666666666098,3.166561114628944,bearish,decisive,moderate,reversal,down,541.95,down,0.0
2025-06-25 11:25:00+05:30,542.55,542.65,541.4,541.95,13908,5minute,0.6290056748168156,unknown,unknown,unknown,,,,,,,2.0832986116901213,,,,,,,sideways,
2025-06-25 11:30:00+05:30,541.95,543.1,541.65,542.6,17575,5minute,1.3220806763639366,unknown,unknown,unknown,,,,,,,2.2307349117707362,,,,,,,sideways,
2025-06-25 11:35:00+05:30,542.9,543.4,542.6,543.05,4564,5minute,-1.3007203686361628,unknown,unknown,unknown,,,,,,,5.332977801480406,,,,,,,sideways,
2025-06-25 11:40:00+05:30,542.9,547.9,542.9,547.7,59492,5minute,3.2787950389241294,bullish_belt_hold,unknown,bullish_belt_hold,542.9,547.9,542.9,547.7,0.00876392185503025,0.041666666666651864,1.041664496532284,bullish,decisive,moderate,reversal,up,547.7,sideways,0.0
2025-06-25 11:45:00+05:30,547.6,547.6,546.1,546.5,13521,5minute,-0.03868271294105475,bearish_belt_hold,bearish_harami,bearish_harami,547.6,547.6,546.1,546.5,0.002012808783165641,0.36363636363633545,1.3636239670548167,bearish,decisive,moderate,reversal,down,546.5,sideways,0.0
2025-06-25 11:50:00+05:30,546.35,547.5,546.2,546.9,20177,5minute,0.38231025742871505,unknown,unknown,unknown,,,,,,,2.363593389211218,,,,,,,sideways,
2025-06-25 11:55:00+05:30,546.65,546.95,545.1,546.4,18080,5minute,0.2026581348064584,unknown,bearish_harami,bearish_harami,546.65,546.95,545.1,546.4,0.0004575402635431918,6.400000000000091,7.399704011839617,bearish,decisive,moderate,reversal,down,546.4,sideways,0.0
2025-06-25 12:00:00+05:30,546.2,548.5,546.05,548.2,30990,5minute,0.9822879953514003,bullish_belt_hold,unknown,bullish_belt_hold,546.2,548.5,546.05,548.2,0.0036483035388544323,0.22500000000002274,1.2249938750306475,bullish,decisive,moderate,reversal,up,552.3,up,0.47
2025-06-25 12:05:00+05:30,548.25,553.55,548.25,552.3,199302,5minute,3.3419445643853094,bullish_belt_hold,unknown,bullish_belt_hold,548.25,553.55,548.25,552.3,0.0073329712112981255,0.30864197530864546,1.30863874410187,bullish,decisive,moderate,reversal,up,552.3,sideways,0.0
2025-06-25 12:10:00+05:30,551.85,553.0,549.15,549.7,78224,5minute,0.821777013774822,unknown,bearish_harami,bearish_harami,551.85,553.0,549.15,549.7,0.003911224304165867,0.7906976744186341,1.79068934563098,bearish,decisive,moderate,reversal,down,549.7,sideways,0.0
2025-06-25 12:15:00+05:30,549.75,551.55,549.7,551.4,33055,5minute,-0.08068363268983568,bullish_belt_hold,bullish_harami,bullish_harami,549.75,551.55,549.7,551.4,0.0029923830250271626,0.12121212121208154,1.1212053260282875,bullish,decisive,moderate,reversal,up,551.8,up,0.0
2025-06-25 12:20:00+05:30,551.4,552.55,550.9,551.8,39028,5minute,-0.01114817840138533,unknown,unknown,unknown,,,,,,,4.124896877578238,,,,,,,sideways,
2025-06-25 12:25:00+05:30,551.85,552.2,550.0,551.0,16242,5minute,-0.4757398060170229,unknown,bearish_engulfing,bearish_engulfing,551.85,552.2,550.0,551.0,0.0015426497277677364,1.5882352941176314,2.588204844648871,bearish,decisive,strong,reversal,down,551.0,sideways,0.0
2025-06-25 12:30:00+05:30,551.0,551.3,550.0,551.25,13506,5minute,-0.5255054779600429,hammer,tweezer_bottom,tweezer_bottom,551.0,551.3,550.0,551.25,0.00045351473922902497,4.199999999999818,5.199792008319485,bullish,decisive,moderate,reversal,up,553.75,up,0.18
2025-06-25 12:35:00+05:30,551.05,552.8,550.7,552.75,21334,5minute,-0.38179978800393605,unknown,unknown,unknown,,,,,,,1.2352868512537296,,,,,,,sideways,
2025-06-25 12:40:00+05:30,552.75,553.9,552.15,553.75,59432,5minute,0.3240058075806339,unknown,three_white_soldiers,three_white_soldiers,552.75,553.9,552.15,553.75,0.0018058690744920992,0.75,1.7499825001749982,bullish,decisive,strong,continuation,up,553.75,up,0.0
2025-06-25 12:45:00+05:30,553.9,556.7,553.3,554.5,126163,5minute,1.4025390684991226,unknown,evening_star,evening_star,554.1,554.1,552.25,552.65,0.002623722066407393,0.2758620689654929,5.666572223796208,bearish,decisive,strong,reversal,down,549.7,down,-0.51
2025-06-25 12:50:00+05:30,554.1,554.1,552.25,552.65,25141,5minute,-0.4588513073335409,bearish_belt_hold,bearish_engulfing,bearish_engulfing,554.1,554.1,552.25,552.65,0.002623722066407393,0.2758620689654929,1.275853269977424,bearish,decisive,strong,reversal,down,549.7,down,-0.51
2025-06-25 12:55:00+05:30,552.8,553.0,551.75,551.95,11652,5minute,-0.7082270251263921,unknown,unknown,unknown,,,,,,,1.470570934459752,,,,,,,sideways,
2025-06-25 13:00:00+05:30,551.85,552.75,551.15,552.5,7706,5minute,-0.7565881779513317,unknown,unknown,unknown,,,,,,,2.461500592298701,,,,,,,sideways,
2025-06-25 13:05:00+05:30,552.7,552.85,552.0,552.45,9989,5minute,-0.6985209574340967,unknown,evening_star,evening_star,552.3,552.5,551.15,551.55,0.0013598041881968997,0.8000000000000304,3.3998640054398734,bearish,decisive,strong,reversal,down,549.7,down,-0.28
2025-06-25 13:10:00+05:30,552.3,552.5,551.15,551.55,9549,5minute,-0.6684855383673055,unknown,unknown,unknown,,,,,,,1.7999760003200262,,,,,,,sideways,
2025-06-25 13:15:00+05:30,551.75,552.0,551.0,551.05,8294,5minute,-0.7192114284530174,unknown,unknown,unknown,,,,,,,1.4285510206996115,,,,,,,sideways,
2025-06-25 13:20:00+05:30,551.15,552.0,550.7,551.25,40922,5minute,0.3407459490100102,doji,bullish_harami,bullish_harami,551.15,552.0,550.7,551.25,0.00018140589569165123,11.99999999999659,12.998700129983591,bullish,decisive,moderate,reversal,up,551.25,sideways,0.0
2025-06-25 13:25:00+05:30,551.0,551.45,550.2,551.05,11352,5minute,-0.5386784335150343,doji,evening_doji_star,evening_doji_star,551.05,551.15,549.7,549.7,0.002455885028197033,0.07407407407409591,24.995000999822768,bearish,indecision,strong,reversal,down,549.7,sideways,0.0
2025-06-25 13:30:00+05:30,551.05,551.15,549.7,549.7,46625,5minute,0.5421018236251859,bearish_belt_hold,bearish_engulfing,bearish_engulfing,551.05,551.15,549.7,549.7,0.002455885028197033,0.07407407407409591,1.0740661180287772,bearish,decisive,strong,reversal,down,549.7,sideways,0.0
2025-06-25 13:35:00+05:30,549.55,551.85,549.5,551.2,46179,5minute,0.4609701949326035,bullish_belt_hold,unknown,bullish_belt_hold,549.55,551.85,549.5,551.2,0.0029934687953557526,0.42424242424235953,1.4242337925224047,bullish,decisive,moderate,reversal,up,552.35,up,0.14
2025-06-25 13:40:00+05:30,551.25,552.0,550.85,551.6,16712,5minute,-0.4592468562354863,unknown,unknown,unknown,,,,,,,3.285620410845126,,,,,,,sideways,
2025-06-25 13:45:00+05:30,551.75,552.35,551.3,552.35,12878,5minute,-0.5546508029176528,unknown,unknown,unknown,,,,,,,1.749970833819484,,,,,,,sideways,
2025-06-25 13:50:00+05:30,552.5,552.9,552.1,552.4,19613,5minute,-0.2677514052554739,unknown,evening_star,evening_star,552.4,552.75,551.35,551.55,0.001541111413289861,0.647058823529341,7.999200079989728,bearish,decisive,strong,reversal,down,551.55,sideways,0.0
2025-06-25 13:55:00+05:30,552.4,552.75,551.35,551.55,7950,5minute,-0.8083964905854434,unknown,unknown,unknown,,,,,,,1.6470394465946752,,,,,,,sideways,
2025-06-25 14:00:00+05:30,551.85,552.15,551.3,551.6,8323,5minute,-0.6895635745952534,unknown,unknown,unknown,,,,,,,3.3998640054398734,,,,,,,sideways,
2025-06-25 14:05:00+05:30,551.6,551.9,551.55,551.9,4887,5minute,-0.8707013586856431,unknown,unknown,unknown,,,,,,,1.1666277790742834,,,,,,,sideways,
2025-06-25 14:10:00+05:30,551.7,551.9,551.3,551.45,4563,5minute,-0.8665034254361271,unknown,tweezer_top,tweezer_top,551.7,551.9,551.3,551.45,0.00045335025840964724,1.400000000000091,2.399904003839937,bearish,decisive,moderate,reversal,down,550.8,down,-0.11
2025-06-25 14:15:00+05:30,551.8,551.8,551.3,551.35,4518,5minute,-0.828299184603032,bearish_belt_hold,unknown,bearish_belt_hold,551.8,551.8,551.3,551.35,0.0008161784710255405,0.11111111111127954,1.1110864203019395,bearish,decisive,moderate,reversal,down,551.35,sideways,0.0
2025-06-25 14:20:00+05:30,551.45,551.8,551.3,551.4,4173,5minute,-0.8114704804674243,unknown,unknown,unknown,,,,,,,9.998000399906378,,,,,,,sideways,
2025-06-25 14:25:00+05:30,551.4,551.8,550.2,550.8,15795,5minute,-0.10745657616567508,unknown,unknown,unknown,,,,,,,2.6666222229626984,,,,,,,sideways,
2025-06-25 14:30:00+05:30,550.75,552.9,549.15,551.65,41253,5minute,1.5267227764914788,unknown,morning_star,morning_star,551.65,552.9,551.15,552.25,0.0010864644635582123,1.9166666666665562,4.166620370884873,bullish,decisive,strong,reversal,up,568.15,up,2.07
2025-06-25 14:35:00+05:30,551.65,552.9,551.15,552.25,36878,5minute,1.0796421918800476,unknown,unknown,unknown,,,,,,,2.9166180563656168,,,,,,,sideways,
2025-06-25 14:40:00+05:30,552.25,558.5,551.7,556.7,260213,5minute,3.39370555658263,unknown,three_white_soldiers,three_white_soldiers,552.25,558.5,551.7,556.7,0.007993533321358083,0.5280898876404236,1.5280864537382806,bullish,decisive,strong,continuation,up,568.15,up,0.96
2025-06-25 14:45:00+05:30,556.7,566.7,556.5,562.8,305576,5minute,2.5648133571058063,bullish_belt_hold,three_white_soldiers,three_white_soldiers,556.7,566.7,556.5,562.8,0.01083866382373829,0.672131147541016,1.6721284063469073,bullish,decisive,strong,continuation,up,568.15,up,0.78
2025-06-25 14:50:00+05:30,562.55,565.8,562.25,564.2,100958,5minute,0.4243088618165323,unknown,stalled_pattern,stalled_pattern,562.55,565.8,562.25,564.2,0.002924494859978892,1.1515151515150053,2.151502112108265,bearish,indecision,moderate,reversal,down,563.75,down,-0.07
2025-06-25 14:55:00+05:30,564.2,567.45,563.8,564.15,144493,5minute,0.7587677630126323,doji,unknown,doji,564.2,567.45,563.8,564.15,8.862891075080778e-05,71.99999999990223,72.98540291931837,neutral,indecision,,reversal,trend,563.75,down,-0.07
2025-06-25 15:00:00+05:30,564.4,564.55,562.8,563.75,72469,5minute,0.0018134355236270755,unknown,unknown,unknown,,,,,,,2.692266272826666,,,,,,,sideways,
2025-06-25 15:05:00+05:30,563.9,565.5,563.05,564.8,90861,5minute,0.1297869012380355,unknown,unknown,unknown,,,,,,,2.7221919756448343,,,,,,,sideways,
2025-06-25 15:10:00+05:30,564.75,564.8,563.2,564.8,71200,5minute,-0.12054338231061683,hammer,unknown,hammer,564.75,564.8,563.2,564.8,8.85269121812226e-05,31.000000000027285,31.993601279771323,bullish,decisive,moderate,reversal,up,568.15,up,0.3
2025-06-25 15:15:00+05:30,564.3,566.8,564.2,566.45,129836,5minute,0.4090520299873282,bullish_belt_hold,unknown,bullish_belt_hold,564.3,566.8,564.2,566.45,0.003795568893989038,0.20930232558130188,1.2092967009454836,bullish,decisive,moderate,reversal,up,568.15,up,0.04
2025-06-25 15:20:00+05:30,566.7,569.05,566.6,567.9,149777,5minute,0.5248615962353528,bullish_belt_hold,unknown,bullish_belt_hold,566.7,569.05,566.6,567.9,0.0021130480718435144,1.0416666666667258,2.041649652919618,bullish,decisive,moderate,reversal,up,568.15,up,0.04
2025-06-25 15:25:00+05:30,567.65,569.9,567.15,568.15,126994,5minute,0.18733081458291087,unknown,stalled_pattern,stalled_pattern,567.65,569.9,567.15,568.15,0.0008800492827598346,4.5,5.499890002199956,bearish,indecision,moderate,reversal,down,568.15,sideways,0.0
2025-06-26 09:15:00+05:30,571.0,576.7,570.85,574.7,289937,5minute,1.705387137757616,bullish_belt_hold,unknown,bullish_belt_hold,571.0,576.7,570.85,574.7,0.006438141639116139,0.5810810810810678,1.581076807900506,bullish,decisive,moderate,reversal,up,574.7,sideways,0.0
2025-06-26 09:20:00+05:30,575.55,579.0,573.4,573.9,232993,5minute,0.9542268366423501,shooting_star,evening_star,evening_star,572.95,573.0,568.05,569.75,0.005616498464238781,0.5468749999999922,3.393918824734456,bearish,decisive,strong,reversal,down,565.0,down,-0.74
2025-06-26 09:25:00+05:30,572.95,573.0,568.05,569.75,153563,5minute,-0.013298427425097046,bearish_belt_hold,unknown,bearish_belt_hold,572.95,573.0,568.05,569.75,0.005616498464238781,0.5468749999999922,1.5468701660307234,bearish,decisive,moderate,reversal,down,565.0,down,-0.74
2025-06-26 09:30:00+05:30,569.65,569.9,566.3,569.2,114094,5minute,-0.5815532066836994,hanging_man,unknown,hanging_man,569.65,569.9,566.3,569.2,0.0007905832747714894,7.000000000001263,7.999822226174015,bearish,decisive,moderate,reversal,down,565.0,down,-0.37
2025-06-26 09:35:00+05:30,569.2,569.2,565.3,565.3,60443,5minute,-1.097790674521907,bearish_belt_hold,unknown,bearish_belt_hold,569.2,569.2,565.3,565.3,0.006898991685830694,0.0,0.9999974359040105,bearish,decisive,moderate,reversal,down,565.3,sideways,0.0
2025-06-26 09:40:00+05:30,565.3,567.5,565.25,567.1,56711,5minute,-1.0799636662299612,bullish_belt_hold,unknown,bullish_belt_hold,565.3,567.5,565.25,567.1,0.003174043378592961,0.24999999999995262,1.2499930555940881,bullish,decisive,moderate,reversal,up,567.1,sideways,0.0
2025-06-26 09:45:00+05:30,566.75,567.45,564.15,565.0,49841,5minute,-1.0802658920691024,unknown,bearish_engulfing,bearish_engulfing,566.75,567.45,564.15,565.0,0.003097345132743363,0.8857142857143246,1.8857035102656945,bearish,decisive,strong,reversal,down,565.0,sideways,0.0
2025-06-26 09:50:00+05:30,564.75,565.85,563.0,565.1,55575,5minute,-0.879024387336375,unknown,morning_star,morning_star,565.3,568.1,563.05,568.1,0.004928709734201845,0.803571428571409,8.142624496442494,bullish,decisive,strong,reversal,up,569.75,up,0.26
2025-06-26 09:55:00+05:30,565.3,568.1,563.05,568.1,83017,5minute,-0.5075234798043362,unknown,unknown,unknown,,,,,,,1.803564987267883,,,,,,,sideways,
2025-06-26 10:00:00+05:30,568.1,569.8,567.5,569.75,82556,5minute,-0.5036066045886072,unknown,unknown,unknown,,,,,,,1.393930945873047,,,,,,,sideways,
2025-06-26 10:05:00+05:30,569.8,570.5,566.85,568.3,51071,5minute,-0.9110083766458511,unknown,unknown,unknown,,,,,,,2.4333171112192433,,,,,,,sideways,
2025-06-26 10:10:00+05:30,568.2,568.2,566.6,566.65,23204,5minute,-1.1282527133800229,bearish_belt_hold,unknown,bearish_belt_hold,568.2,568.2,566.6,566.65,0.0027353745698404097,0.03225806451609827,1.0322514048296154,bearish,decisive,moderate,reversal,down,566.5,down,0.0
2025-06-26 10:15:00+05:30,567.0,567.95,566.3,566.5,12153,5minute,-1.0984670503369078,unknown,unknown,unknown,,,,,,,3.299934001320156,,,,,,,sideways,
2025-06-26 10:20:00+05:30,566.5,568.0,566.35,567.0,11141,5minute,-0.9717250221646123,unknown,unknown,unknown,,,,,,,3.2999340013199285,,,,,,,sideways,
2025-06-26 10:25:00+05:30,567.0,567.45,566.55,567.35,12714,5minute,-0.95219807806489,unknown,unknown,unknown,,,,,,,2.5713551041399745,,,,,,,sideways,
2025-06-26 10:30:00+05:30,567.35,568.65,567.15,567.85,37381,5minute,-0.4907108594591476,unknown,three_white_soldiers,three_white_soldiers,567.35,568.65,567.15,567.85,0.0008805142203046579,2.0,2.999940001199976,bullish,decisive,strong,continuation,up,569.35,up,0.19
2025-06-26 10:35:00+05:30,567.85,569.35,567.7,569.35,21570,5minute,-0.8543947630172082,bullish_belt_hold,three_white_soldiers,three_white_soldiers,567.85,569.35,567.7,569.35,0.0026345832967418987,0.09999999999998484,1.09999266671554,bullish,decisive,strong,continuation,up,569.35,sideways,0.0
2025-06-26 10:40:00+05:30,568.85,569.8,568.25,568.4,17392,5minute,-0.9366190154072367,shooting_star,bearish_harami,bearish_harami,568.85,569.8,568.25,568.4,0.0007916959887404037,2.4444444444439952,3.444367902935041,bearish,decisive,moderate,reversal,down,563.55,down,-0.83
2025-06-26 10:45:00+05:30,568.4,569.0,566.5,568.25,14511,5minute,-0.9110724607626524,doji,unknown,doji,568.4,569.0,566.5,568.25,0.0002639683238011038,15.666666666669194,16.665555629627217,neutral,indecision,,reversal,trend,566.25,down,-0.15
2025-06-26 10:50:00+05:30,568.25,568.25,567.0,567.1,8216,5minute,-1.0016446184534016,bearish_belt_hold,three_black_crows,three_black_crows,568.25,568.25,567.0,567.1,0.0020278610474342746,0.08695652173915193,1.0869470700254995,bearish,decisive,strong,continuation,down,563.55,down,-0.63
2025-06-26 10:55:00+05:30,567.1,567.45,566.1,566.9,41112,5minute,0.28832133154342826,unknown,three_black_crows,three_black_crows,567.1,567.45,566.1,566.9,0.00035279590756755245,5.749999999998579,6.749662516872735,bearish,decisive,strong,continuation,down,566.9,sideways,0.0
2025-06-26 11:00:00+05:30,567.2,567.9,566.4,567.1,12497,5minute,-0.7100298568813798,doji,unknown,doji,567.2,567.9,566.4,567.1,0.0001763357432551979,13.99999999999659,14.998500149981592,neutral,indecision,,reversal,trend,566.25,down,-0.13
2025-06-26 11:05:00+05:30,566.9,567.75,566.25,567.0,7626,5minute,-0.8306412358628622,doji,unknown,doji,566.9,567.75,566.25,567.0,0.0001763668430335498,13.99999999999659,14.998500149981592,neutral,indecision,,reversal,trend,564.6,down,-0.29
2025-06-26 11:10:00+05:30,567.0,567.45,566.25,566.25,10224,5minute,-0.7237893795215968,unknown,bearish_engulfing,bearish_engulfing,567.0,567.45,566.25,566.25,0.0013245033112582781,0.6000000000000606,1.599978666951168,bearish,decisive,strong,reversal,down,563.25,down,-0.45
2025-06-26 11:15:00+05:30,566.3,566.3,564.25,564.6,30211,5minute,1.0803022540514826,bearish_belt_hold,unknown,bearish_belt_hold,566.3,566.3,564.25,564.6,0.0030109812256463543,0.2058823529411981,1.2058752595573183,bearish,decisive,moderate,reversal,down,564.6,sideways,0.0
2025-06-26 11:20:00+05:30,564.6,565.8,564.4,565.8,27122,5minute,0.7551768642995197,unknown,unknown,unknown,,,,,,,1.1666569445255095,,,,,,,sideways,
2025-06-26 11:25:00+05:30,566.0,566.0,565.15,565.55,4764,5minute,-1.1818913326230707,bearish_belt_hold,unknown,bearish_belt_hold,566.0,566.0,565.15,565.55,0.0007956856157723376,0.8888888888887485,1.8888469145128703,bearish,decisive,moderate,reversal,down,563.75,down,-0.11
2025-06-26 11:30:00+05:30,565.55,565.9,564.05,564.2,29792,5minute,0.8700998977117104,unknown,unknown,unknown,,,,,,,1.3703602195540383,,,,,,,sideways,
2025-06-26 11:35:00+05:30,564.3,565.1,564.15,564.35,13210,5minute,-0.5569102411107859,doji,bullish_harami,bullish_harami,564.3,565.1,564.15,564.35,8.859750155057714e-05,17.99999999997499,18.99620075982303,bullish,decisive,moderate,reversal,up,564.35,sideways,0.0
2025-06-26 11:40:00+05:30,564.55,564.6,563.2,563.75,44749,5minute,1.94437058200896,bearish_belt_hold,bearish_engulfing,bearish_engulfing,564.55,564.6,563.2,563.75,0.0014190687361418262,0.750000000000071,1.7499781252735052,bearish,decisive,strong,reversal,down,563.75,sideways,0.0
2025-06-26 11:45:00+05:30,563.85,566.5,563.85,565.75,19354,5minute,-0.05562953791026942,bullish_belt_hold,unknown,bullish_belt_hold,563.85,566.5,563.85,565.75,0.0033583738400353113,0.3947368421052679,1.3947295014236814,bullish,decisive,moderate,reversal,up,565.75,sideways,0.0
2025-06-26 11:50:00+05:30,565.9,566.5,564.5,564.85,11949,5minute,-0.6036614020697963,unknown,tweezer_top,tweezer_top,565.9,566.5,564.5,564.85,0.0018589005930777277,0.9047619047619873,1.9047437643451839,bearish,decisive,moderate,reversal,down,563.55,down,-0.15
2025-06-26 11:55:00+05:30,564.5,564.85,563.25,563.55,31156,5minute,0.7898739096361288,unknown,unknown,unknown,,,,,,,1.6841927979704912,,,,,,,sideways,
2025-06-26 12:00:00+05:30,563.55,563.95,563.0,563.55,9765,5minute,-0.8662614179953866,doji,unknown,doji,563.55,563.95,563.0,563.55,0.0,0.0,95000.00000000454,neutral,indecision,,reversal,trend,564.05,up,0.04
2025-06-26 12:05:00+05:30,563.55,564.4,563.2,563.85,32308,5minute,0.9925207262872998,unknown,unknown,unknown,,,,,,,3.999866671109826,,,,,,,sideways,
2025-06-26 12:10:00+05:30,563.85,564.45,563.6,564.05,2997,5minute,-1.3036235006880705,unknown,unknown,unknown,,,,,,,4.249787510626032,,,,,,,sideways,
2025-06-26 12:15:00+05:30,564.05,564.25,563.6,563.9,6293,5minute,-1.030149855557983,unknown,unknown,unknown,,,,,,,4.333044463702925,,,,,,,sideways,
2025-06-26 12:20:00+05:30,563.9,564.4,563.4,564.4,14887,5minute,-0.3950703304623382,unknown,unknown,unknown,,,,,,,1.9999600007999843,,,,,,,sideways,
2025-06-26 12:25:00+05:30,564.0,564.55,563.9,564.15,7005,5minute,-0.8814223625744234,inverted_hammer,evening_star,evening_star,564.15,564.65,564.0,564.1,8.863676653067634e-05,12.000000000011369,4.333044463702925,bearish,decisive,strong,reversal,down,563.85,down,0.0
2025-06-26 12:30:00+05:30,564.15,564.65,564.0,564.1,6883,5minute,-0.7737699340002268,doji,evening_doji_star,evening_doji_star,564.1,564.65,563.85,563.85,0.0004433803316484881,2.199999999999818,12.997400519907384,bearish,indecision,strong,reversal,down,563.85,sideways,0.0
2025-06-26 12:35:00+05:30,564.1,564.65,563.85,563.85,4700,5minute,-0.9435073634763096,shooting_star,unknown,shooting_star,564.1,564.65,563.85,563.85,0.0004433803316484881,2.199999999999818,3.1998720051196132,bearish,decisive,moderate,reversal,down,563.85,sideways,0.0
2025-06-26 12:40:00+05:30,563.85,565.45,563.55,565.1,23117,5minute,0.5483299768156198,unknown,unknown,unknown,,,,,,,1.5199878400973519,,,,,,,sideways,
2025-06-26 12:45:00+05:30,565.1,565.5,564.0,565.5,9536,5minute,-0.5203325784641776,hammer,unknown,hammer,565.1,565.5,564.0,565.5,0.0007073386383730809,2.750000000000213,3.7499062523439046,bullish,decisive,moderate,reversal,up,565.5,sideways,0.0
2025-06-26 12:50:00+05:30,565.5,565.7,564.6,565.2,7073,5minute,-0.6561853520006865,hanging_man,evening_star,evening_star,565.0,565.2,563.45,563.95,0.0018618671868072603,0.6666666666667388,3.666544448519014,bearish,decisive,strong,reversal,down,563.95,sideways,0.0
2025-06-26 12:55:00+05:30,565.0,565.2,563.45,563.95,28983,5minute,1.4421636307063626,unknown,unknown,unknown,,,,,,,1.6666507938020358,,,,,,,sideways,
2025-06-26 13:00:00+05:30,563.75,564.6,563.55,564.1,7680,5minute,-0.5780970266304218,unknown,unknown,unknown,,,,,,,2.999914288163195,,,,,,,sideways,
2025-06-26 13:05:00+05:30,564.45,564.95,564.1,564.45,3104,5minute,-0.905085959556027,doji,evening_doji_star,evening_doji_star,564.45,564.45,563.5,563.75,0.0012416851441242492,0.35714285714283395,85000.00000000227,bearish,indecision,strong,reversal,down,563.75,sideways,0.0
2025-06-26 13:10:00+05:30,564.45,564.45,563.5,563.75,18319,5minute,0.616983786616742,bearish_belt_hold,unknown,bearish_belt_hold,564.45,564.45,563.5,563.75,0.0012416851441242492,0.35714285714283395,1.3571234696646959,bearish,decisive,moderate,reversal,down,563.75,sideways,0.0
2025-06-26 13:15:00+05:30,563.6,564.95,563.6,564.95,5858,5minute,-0.5826134528990095,bullish_belt_hold,unknown,bullish_belt_hold,563.6,564.95,563.6,564.95,0.002389591999292013,0.0,0.9999925926474619,bullish,decisive,moderate,reversal,up,564.95,sideways,0.0
2025-06-26 13:20:00+05:30,564.85,564.95,563.5,564.05,7368,5minute,-0.44416517709470893,unknown,tweezer_top,tweezer_top,564.85,564.95,563.5,564.05,0.001418313979257279,0.8124999999999023,1.812477344033102,bearish,decisive,moderate,reversal,down,563.25,down,-0.1
2025-06-26 13:25:00+05:30,564.05,564.4,563.4,563.8,9542,5minute,-0.19322336910344096,unknown,unknown,unknown,,,,,,,3.9998400063997437,,,,,,,sideways,
2025-06-26 13:30:00+05:30,563.8,564.5,563.3,563.75,36774,5minute,2.367561412940205,doji,three_black_crows,three_black_crows,563.8,564.5,563.3,563.75,8.869179600878851e-05,23.000000000022737,23.995200959830765,bearish,decisive,strong,continuation,down,563.25,down,-0.04
2025-06-26 13:35:00+05:30,563.75,563.9,563.2,563.25,3174,5minute,-0.8740510335357617,unknown,three_black_crows,three_black_crows,563.75,563.9,563.2,563.25,0.000887705281846427,0.3999999999998636,1.3999720005598526,bearish,decisive,strong,continuation,down,563.25,sideways,0.0
2025-06-26 13:40:00+05:30,563.15,563.85,563.15,563.45,29967,5minute,1.417984128620854,bullish_belt_hold,unknown,bullish_belt_hold,563.15,563.85,563.15,563.45,0.0005324341112788503,1.3333333333329545,2.3332555581476826,bullish,decisive,moderate,reversal,up,565.65,up,0.26
2025-06-26 13:45:00+05:30,563.65,564.85,563.45,564.5,16276,5minute,0.1370684406898783,unknown,unknown,unknown,,,,,,,1.6470394465946752,,,,,,,sideways,
2025-06-26 13:50:00+05:30,564.0,565.75,564.0,564.45,15343,5minute,0.10520229615399233,bullish_belt_hold,unknown,bullish_belt_hold,564.0,565.75,564.0,564.45,0.0007972362476748081,2.888888888888496,3.8888024710558056,bullish,decisive,moderate,reversal,up,565.65,up,0.13
2025-06-26 13:55:00+05:30,564.45,565.4,564.0,565.4,10467,5minute,-0.35632018996036496,unknown,unknown,unknown,,,,,,,1.4736686982243112,,,,,,,sideways,
2025-06-26 14:00:00+05:30,565.4,565.45,564.85,565.45,5732,5minute,-0.7842732865829947,hammer,stalled_pattern,stalled_pattern,565.4,565.45,564.85,565.45,8.842514811224371e-05,10.999999999984084,11.997600479888108,bearish,indecision,moderate,reversal,down,564.9,down,0.0
2025-06-26 14:05:00+05:30,565.45,565.45,564.35,564.9,8019,5minute,-0.4672408743533503,bearish_belt_hold,tweezer_top,tweezer_top,565.45,565.45,564.35,564.9,0.0009736236502036966,0.9999999999997933,1.9999636370245748,bearish,decisive,moderate,reversal,down,564.9,sideways,0.0
2025-06-26 14:10:00+05:30,564.65,566.0,564.5,565.65,22772,5minute,0.8811871586402668,unknown,unknown,unknown,,,,,,,1.4999850001499984,,,,,,,sideways,
2025-06-26 14:15:00+05:30,566.05,566.5,565.1,565.1,16173,5minute,0.1510583098038543,unknown,dark_cloud_cover,dark_cloud_cover,566.05,566.5,565.1,565.1,0.0016811183861262285,0.47368421052639764,1.4736686982243112,bearish,decisive,moderate,reversal,down,564.2,down,-0.16
2025-06-26 14:20:00+05:30,565.1,565.75,565.1,565.1,6923,5minute,-0.7026698917815143,doji,unknown,doji,565.1,565.75,565.1,565.1,0.0,0.0,64999.99999999772,neutral,indecision,,reversal,trend,564.2,down,-0.16
2025-06-26 14:25:00+05:30,565.3,565.3,564.1,564.2,42427,5minute,2.1276706787528727,bearish_belt_hold,unknown,bearish_belt_hold,565.3,565.3,564.1,564.2,0.0019496632399856593,0.0909090909091191,1.090899173643904,bearish,decisive,moderate,reversal,down,564.2,sideways,0.0
2025-06-26 14:30:00+05:30,564.4,566.0,564.4,565.6,18279,5minute,0.08423366906485791,bullish_belt_hold,unknown,bullish_belt_hold,564.4,566.0,564.4,565.6,0.002121640735502202,0.33333333333330173,1.3333222223147825,bullish,decisive,moderate,reversal,up,565.6,sideways,0.0
2025-06-26 14:35:00+05:30,565.6,565.75,565.0,565.4,7437,5minute,-0.8059414881833887,unknown,evening_star,evening_star,565.4,565.4,564.1,564.5,0.001594331266607577,0.44444444444443043,3.7498125093736787,bearish,decisive,strong,reversal,down,563.45,down,-0.09
2025-06-26 14:40:00+05:30,565.4,565.4,564.1,564.5,21170,5minute,0.48157005409633613,bearish_belt_hold,unknown,bearish_belt_hold,565.4,565.4,564.1,564.5,0.001594331266607577,0.44444444444443043,1.444428395240039,bearish,decisive,moderate,reversal,down,563.45,down,-0.09
2025-06-26 14:45:00+05:30,564.5,564.95,563.95,563.95,13729,5minute,-0.30084120355163585,unknown,three_black_crows,three_black_crows,564.5,564.95,563.95,563.95,0.0009752637645180503,0.8181818181819686,1.81814876093177,bearish,decisive,strong,continuation,down,563.45,down,0.0
2025-06-26 14:50:00+05:30,563.95,564.3,563.05,563.45,26540,5minute,1.0239976621261115,unknown,three_black_crows,three_black_crows,563.95,564.3,563.05,563.45,0.0008873901854645487,1.5,2.49995000099998,bearish,decisive,strong,continuation,down,563.45,sideways,0.0
2025-06-26 14:55:00+05:30,563.45,566.3,563.1,566.3,60042,5minute,2.6583219797608444,unknown,unknown,unknown,,,,,,,1.122803077883949,,,,,,,sideways,
2025-06-26 15:00:00+05:30,566.15,566.35,563.2,563.45,46897,5minute,1.49079750542979,bearish_belt_hold,unknown,bearish_belt_hold,566.15,566.35,563.2,563.45,0.004791907001508442,0.16666666666668772,1.166662345695037,bearish,decisive,moderate,reversal,down,563.45,sideways,0.0
2025-06-26 15:05:00+05:30,563.45,564.0,563.25,563.6,17941,5minute,-0.2724586710580439,unknown,unknown,unknown,,,,,,,4.999666688888165,,,,,,,sideways,
2025-06-26 15:10:00+05:30,563.55,564.35,563.2,564.0,26018,5minute,0.13520965639812313,unknown,unknown,unknown,,,,,,,2.5554987666937645,,,,,,,sideways,
2025-06-26 15:15:00+05:30,564.0,565.4,563.75,563.9,103768,5minute,2.8211362447287236,doji,unknown,doji,564.0,565.4,563.75,563.9,0.00017733640716443118,15.499999999996021,16.498350164979524,neutral,indecision,,reversal,trend,563.9,sideways,0.0
2025-06-26 15:20:00+05:30,563.95,565.0,563.0,564.9,50469,5minute,0.6757715323054486,unknown,unknown,unknown,,,,,,,2.1052409974633357,,,,,,,sideways,
2025-06-26 15:25:00+05:30,564.95,566.0,564.2,564.2,48418,5minute,0.5130422161579684,unknown,unknown,unknown,,,,,,,2.3999680004266004,,,,,,,sideways,
2025-06-27 09:15:00+05:30,567.0,569.0,564.35,565.0,115054,5minute,2.2303167660253584,unknown,unknown,unknown,,,,,,,2.3249883750581133,,,,,,,sideways,
2025-06-27 09:20:00+05:30,564.7,565.8,562.55,564.75,51037,5minute,0.2367152960303208,doji,morning_doji_star,morning_doji_star,564.55,568.5,564.55,566.9,0.004145351913917839,0.6808510638297903,64.9870025995392,bullish,indecision,strong,reversal,up,569.05,up,0.34
2025-06-27 09:25:00+05:30,564.55,568.5,564.55,566.9,38482,5minute,-0.19857570378812198,bullish_belt_hold,unknown,bullish_belt_hold,564.55,568.5,564.55,566.9,0.004145351913917839,0.6808510638297903,1.6808439113025082,bullish,decisive,moderate,reversal,up,569.05,up,0.34
2025-06-27 09:30:00+05:30,566.9,567.95,565.15,567.1,25215,5minute,-0.6840594283169114,doji,unknown,doji,566.9,567.95,565.15,567.1,0.0003526714865103958,12.999999999997158,13.999300034995407,neutral,indecision,,reversal,trend,569.05,up,0.34
2025-06-27 09:35:00+05:30,566.75,569.9,566.75,569.05,29786,5minute,-0.562679646286272,bullish_belt_hold,unknown,bullish_belt_hold,566.75,569.9,566.75,569.05,0.004041824092786143,0.36956521739132153,1.369559262785831,bullish,decisive,moderate,reversal,up,569.05,sideways,0.0
2025-06-27 09:40:00+05:30,569.05,571.0,567.5,568.05,59494,5minute,0.3340102797965545,unknown,unknown,unknown,,,,,,,3.4999650003499965,,,,,,,sideways,
2025-06-27 09:45:00+05:30,567.5,569.75,566.5,568.25,29843,5minute,-0.7157289491449034,unknown,morning_star,morning_star,568.05,569.0,567.5,569.0,0.0016695957820738936,0.578947368420977,4.3332755563259155,bullish,decisive,strong,reversal,up,569.0,sideways,0.0
2025-06-27 09:50:00+05:30,568.05,569.0,567.5,569.0,18756,5minute,-0.9674021460799972,unknown,unknown,unknown,,,,,,,1.578930748097313,,,,,,,sideways,
2025-06-27 09:55:00+05:30,569.0,569.0,566.1,566.55,19040,5minute,-0.8622963757906688,bearish_belt_hold,tweezer_top,tweezer_top,569.0,569.0,566.1,566.55,0.004324419733474619,0.18367346938772386,1.1836686380871602,bearish,decisive,moderate,reversal,down,566.55,sideways,0.0
2025-06-27 10:00:00+05:30,566.55,569.35,566.15,568.45,21846,5minute,-0.7856594232742083,unknown,unknown,unknown,,,,,,,1.6842016620964586,,,,,,,sideways,
2025-06-27 10:05:00+05:30,569.0,569.0,567.2,567.5,11851,5minute,-1.0514091354047477,bearish_belt_hold,unknown,bearish_belt_hold,569.0,569.0,567.2,567.5,0.0026431718061674008,0.19999999999996967,1.1999920000533026,bearish,decisive,moderate,reversal,down,566.9,down,0.0
2025-06-27 10:10:00+05:30,567.5,567.5,566.5,566.9,17742,5minute,-0.7744286321060384,bearish_belt_hold,unknown,bearish_belt_hold,567.5,567.5,566.5,566.9,0.0010583877227024567,0.6666666666666035,1.6666388893517812,bearish,decisive,moderate,reversal,down,566.9,sideways,0.0
2025-06-27 10:15:00+05:30,567.0,568.25,566.7,567.75,8501,5minute,-0.9766602708658314,unknown,unknown,unknown,,,,,,,2.066639111478453,,,,,,,sideways,
2025-06-27 10:20:00+05:30,568.1,568.35,567.35,568.25,6508,5minute,-0.9156274787515781,hammer,unknown,hammer,568.1,568.35,567.35,568.25,0.0002639683238011038,5.666666666667677,6.666222251850886,bullish,decisive,moderate,reversal,up,568.25,sideways,0.0
2025-06-27 10:25:00+05:30,568.25,568.25,567.05,567.8,9058,5minute,-0.9918156351125664,bearish_belt_hold,bearish_engulfing,bearish_engulfing,568.25,568.25,567.05,567.8,0.0007925325818951136,1.6666666666664982,2.666607408724082,bearish,decisive,strong,reversal,down,566.1,down,-0.07
2025-06-27 10:30:00+05:30,567.8,568.15,566.5,566.5,10994,5minute,-0.7648327575228041,unknown,unknown,unknown,,,,,,,1.2692210059922884,,,,,,,sideways,
2025-06-27 10:35:00+05:30,566.5,566.85,566.05,566.1,10793,5minute,-0.6667544603053377,unknown,three_black_crows,three_black_crows,566.5,566.85,566.05,566.1,0.0007065889418830194,1.0000000000002842,1.999950001250253,bearish,decisive,strong,continuation,down,566.1,sideways,0.0
2025-06-27 10:40:00+05:30,566.55,566.6,565.1,566.25,7800,5minute,-0.7785231585085763,hanging_man,morning_star,morning_star,566.25,566.65,566.0,566.5,0.000441306266548985,1.599999999999909,4.999833338889461,bullish,decisive,strong,reversal,up,566.5,sideways,0.0
2025-06-27 10:45:00+05:30,566.25,566.65,566.0,566.5,7416,5minute,-0.696130350993307,unknown,unknown,unknown,,,,,,,2.5998960041597425,,,,,,,sideways,
2025-06-27 10:50:00+05:30,566.5,567.0,565.6,565.6,6244,5minute,-1.003936032100895,unknown,bearish_engulfing,bearish_engulfing,566.5,567.0,565.6,565.6,0.001591230551626551,0.5555555555555696,1.555538271796994,bearish,decisive,strong,reversal,down,562.9,down,-0.41
2025-06-27 10:55:00+05:30,565.6,565.95,564.2,564.55,22525,5minute,1.6499369503966577,unknown,unknown,unknown,,,,,,,1.6666507938018553,,,,,,,sideways,
2025-06-27 11:00:00+05:30,564.45,564.5,562.55,563.05,23508,5minute,1.6250831854543888,bearish_belt_hold,unknown,bearish_belt_hold,564.45,564.5,562.55,563.05,0.002486457685818473,0.39285714285708484,1.3928471939485565,bearish,decisive,moderate,reversal,down,563.05,sideways,0.0
2025-06-27 11:05:00+05:30,563.05,564.0,563.0,563.25,19168,5minute,0.9426684559929223,inverted_hammer,unknown,inverted_hammer,563.05,564.0,563.0,563.25,0.00035508211273865153,3.999999999998863,4.999750012498238,bullish,decisive,weak,reversal,up,563.6,up,0.0
2025-06-27 11:10:00+05:30,563.25,563.75,563.0,563.6,5136,5minute,-1.0981121680521908,unknown,unknown,unknown,,,,,,,2.142795920116429,,,,,,,sideways,
2025-06-27 11:15:00+05:30,563.5,563.5,562.85,563.0,11153,5minute,-0.11976170237111194,bearish_belt_hold,bearish_engulfing,bearish_engulfing,563.5,563.5,562.85,563.0,0.0008880994671403197,0.2999999999999545,1.2999740005199443,bearish,decisive,strong,reversal,down,562.9,down,-0.02
2025-06-27 11:20:00+05:30,562.95,563.55,562.55,563.0,15178,5minute,0.5722165682624618,doji,unknown,doji,562.95,563.55,562.55,563.0,8.88099467139512e-05,19.00000000001819,19.996000799858212,neutral,indecision,,reversal,trend,565.2,up,0.41
2025-06-27 11:25:00+05:30,563.0,563.6,562.75,562.9,7716,5minute,-0.6470127342136925,unknown,bearish_engulfing,bearish_engulfing,563.0,563.6,562.75,562.9,0.00017765144785934046,7.499999999998295,8.499150084989797,bearish,decisive,strong,reversal,down,562.9,sideways,0.0
2025-06-27 11:30:00+05:30,562.9,563.55,562.75,563.2,16458,5minute,0.6790007819806256,unknown,tweezer_bottom,tweezer_bottom,562.9,563.55,562.75,563.2,0.0005326704545455756,1.6666666666659087,2.666577780739884,bullish,decisive,moderate,reversal,up,566.0,up,0.45
2025-06-27 11:35:00+05:30,563.2,563.7,563.0,563.45,11516,5minute,-0.17247773549599033,unknown,unknown,unknown,,,,,,,2.7998880044800027,,,,,,,sideways,
2025-06-27 11:40:00+05:30,563.15,565.5,563.1,565.2,22292,5minute,1.3814871057531062,bullish_belt_hold,unknown,bullish_belt_hold,563.15,565.5,563.1,565.2,0.0036270346779902125,0.1707317073170231,1.1707259964585037,bullish,decisive,moderate,reversal,up,566.0,up,0.06
2025-06-27 11:45:00+05:30,565.2,566.25,564.75,565.65,21767,5minute,1.1232309334083974,unknown,unknown,unknown,,,,,,,3.3332592609058183,,,,,,,sideways,
2025-06-27 11:50:00+05:30,565.65,567.7,565.2,566.0,17765,5minute,0.44228776953647375,unknown,three_white_soldiers,three_white_soldiers,565.65,567.7,565.2,566.0,0.0006183745583039271,6.142857142856679,7.142653067054763,bullish,decisive,strong,continuation,up,566.0,sideways,0.0
2025-06-27 11:55:00+05:30,566.0,566.7,565.65,565.95,10055,5minute,-0.7772447578709065,doji,evening_doji_star,evening_doji_star,565.65,566.0,565.55,565.55,0.00017681902572720847,3.4999999999994316,20.99580083985249,bearish,indecision,strong,reversal,down,565.55,sideways,0.0
2025-06-27 12:00:00+05:30,565.65,566.0,565.55,565.55,6137,5minute,-1.3851721956150311,shooting_star,unknown,shooting_star,565.65,566.0,565.55,565.55,0.00017681902572720847,3.4999999999994316,4.499550044994932,bearish,decisive,moderate,reversal,down,565.55,sideways,0.0
2025-06-27 12:05:00+05:30,565.55,566.0,564.9,565.7,8268,5minute,-0.9161458716231589,unknown,unknown,unknown,,,,,,,7.332844477030569,,,,,,,sideways,
2025-06-27 12:10:00+05:30,565.7,565.9,565.05,565.5,3652,5minute,-1.442335478905436,hanging_man,evening_star,evening_star,565.5,566.0,565.35,565.4,0.00017686593562083966,5.499999999998295,4.249787510623616,bearish,decisive,strong,reversal,down,563.6,down,-0.25
2025-06-27 12:15:00+05:30,565.5,566.0,565.35,565.4,3984,5minute,-1.1966932055253265,shooting_star,unknown,shooting_star,565.5,566.0,565.35,565.4,0.00017686593562083966,5.499999999998295,6.499350064991796,bearish,decisive,moderate,reversal,down,563.6,down,-0.25
2025-06-27 12:20:00+05:30,565.4,565.85,564.85,564.95,8766,5minute,-0.49374327571268,unknown,three_black_crows,three_black_crows,565.4,565.85,564.85,564.95,0.0007965306664305368,1.2222222222225592,2.222172840603879,bearish,decisive,strong,continuation,down,564.95,sideways,0.0
2025-06-27 12:25:00+05:30,564.95,565.55,564.95,565.0,6730,5minute,-0.758526033385444,bullish_belt_hold,unknown,bullish_belt_hold,564.95,565.55,564.95,565.0,8.849557522115845e-05,11.000000000009095,11.997600479913109,bullish,decisive,moderate,reversal,up,565.0,sideways,0.0
2025-06-27 12:30:00+05:30,565.35,565.35,564.65,564.85,3751,5minute,-1.0685860397940887,bearish_belt_hold,bearish_engulfing,bearish_engulfing,565.35,565.35,564.65,564.85,0.0008851907586084801,0.40000000000009095,1.39997200056008,bearish,decisive,strong,reversal,down,564.85,sideways,0.0
2025-06-27 12:35:00+05:30,564.85,565.3,564.8,565.0,3734,5minute,-0.9927140247957007,unknown,unknown,unknown,,,,,,,3.333111125925443,,,,,,,sideways,
2025-06-27 12:40:00+05:30,565.4,565.4,563.55,563.6,21852,5minute,1.54871229706428,bearish_belt_hold,bearish_engulfing,bearish_engulfing,565.4,565.4,563.55,563.6,0.0031937544357699688,0.027777777777816374,1.0277720679329945,bearish,decisive,strong,reversal,down,563.6,sideways,0.0
2025-06-27 12:45:00+05:30,563.9,564.7,563.8,564.5,9761,5minute,-0.11798979208504266,unknown,bullish_harami,bullish_harami,563.9,564.7,563.8,564.5,0.0010628875110717851,0.5000000000000947,1.4999750004167545,bullish,decisive,moderate,reversal,up,567.0,up,0.27
2025-06-27 12:50:00+05:30,564.5,566.75,564.5,565.5,27075,5minute,2.051529133396721,bullish_belt_hold,unknown,bullish_belt_hold,564.5,566.75,564.5,565.5,0.0017683465959328027,1.25,2.2499775002249978,bullish,decisive,moderate,reversal,up,567.0,up,0.18
2025-06-27 12:55:00+05:30,565.6,566.9,565.6,566.55,20365,5minute,1.2326635971393491,bullish_belt_hold,unknown,bullish_belt_hold,565.6,566.9,565.6,566.55,0.0016768158150206193,0.36842105263162933,1.3684066483511204,bullish,decisive,moderate,reversal,up,566.55,sideways,0.0
2025-06-27 13:00:00+05:30,566.55,569.0,566.0,566.0,58162,5minute,3.001182665950637,shooting_star,unknown,shooting_star,566.55,569.0,566.0,566.0,0.0009717314487631705,4.454545454545905,5.45444628279531,bearish,decisive,moderate,reversal,down,566.0,sideways,0.0
2025-06-27 13:05:00+05:30,565.75,566.7,565.6,566.15,12283,5minute,-0.10907366694077185,unknown,unknown,unknown,,,,,,,2.74993125171892,,,,,,,sideways,
2025-06-27 13:10:00+05:30,566.15,567.7,565.85,566.6,39383,5minute,1.4404156322658677,inverted_hammer,unknown,inverted_hammer,566.15,567.7,565.85,566.6,0.000794211083656981,3.111111111110746,4.111019755116188,bullish,decisive,weak,reversal,up,567.0,up,0.0
2025-06-27 13:15:00+05:30,566.65,568.0,566.6,567.0,18395,5minute,0.08829544696868004,inverted_hammer,unknown,inverted_hammer,566.65,568.0,566.6,567.0,0.000617283950617324,2.9999999999996754,3.9998857175506024,bullish,decisive,weak,reversal,up,567.0,sideways,0.0
2025-06-27 13:20:00+05:30,567.0,567.7,566.5,566.5,9174,5minute,-0.5266303222063837,unknown,bearish_engulfing,bearish_engulfing,567.0,567.7,566.5,566.5,0.00088261253309797,1.400000000000091,2.399952000960072,bearish,decisive,strong,reversal,down,566.5,sideways,0.0
2025-06-27 13:25:00+05:30,566.5,567.3,566.1,567.25,4814,5minute,-0.8127915463227465,unknown,unknown,unknown,,,,,,,1.5999786669510165,,,,,,,sideways,
2025-06-27 13:30:00+05:30,567.0,568.4,567.0,568.0,17763,5minute,-0.021233335245818843,bullish_belt_hold,unknown,bullish_belt_hold,567.0,568.4,567.0,568.0,0.0017605633802816902,0.39999999999997726,1.3999860001399758,bullish,decisive,moderate,reversal,up,568.0,sideways,0.0
2025-06-27 13:35:00+05:30,568.0,568.4,567.6,567.65,7795,5minute,-0.678578534108094,unknown,tweezer_top,tweezer_top,568.0,568.4,567.6,567.65,0.0006165771161807853,1.2857142857140074,2.285648981457394,bearish,decisive,moderate,reversal,down,553.05,down,-2.32
2025-06-27 13:40:00+05:30,567.65,567.95,565.6,566.2,36384,5minute,1.031555652298162,unknown,unknown,unknown,,,,,,,1.6206784780795533,,,,,,,sideways,
2025-06-27 13:45:00+05:30,565.95,566.2,565.3,565.65,9572,5minute,-0.7567047545244472,unknown,unknown,unknown,,,,,,,2.999900003332843,,,,,,,sideways,
2025-06-27 13:50:00+05:30,565.4,566.2,565.25,565.75,5751,5minute,-0.9029440044879813,unknown,unknown,unknown,,,,,,,2.71420816548094,,,,,,,sideways,
2025-06-27 13:55:00+05:30,565.75,566.45,565.6,565.8,6597,5minute,-0.8243590897794687,doji,evening_doji_star,evening_doji_star,565.85,565.85,564.6,564.8,0.0018590651558074863,0.19047619047611314,16.996600679879936,bearish,indecision,strong,reversal,down,553.05,down,-1.95
2025-06-27 14:00:00+05:30,565.85,565.85,564.6,564.8,9880,5minute,-0.5356802465607932,bearish_belt_hold,bearish_engulfing,bearish_engulfing,565.85,565.85,564.6,564.8,0.0018590651558074863,0.19047619047611314,1.190464852715611,bearish,decisive,strong,reversal,down,553.05,down,-1.95
2025-06-27 14:05:00+05:30,564.8,564.95,564.0,564.0,11111,5minute,-0.41278148515751967,unknown,unknown,unknown,,,,,,,1.187485156435669,,,,,,,sideways,
2025-06-27 14:10:00+05:30,564.0,564.25,563.6,564.0,7624,5minute,-0.5899651424371526,doji,unknown,doji,564.0,564.25,563.6,564.0,0.0,0.0,64999.99999999772,neutral,indecision,,reversal,trend,562.1,down,-0.35
2025-06-27 14:15:00+05:30,564.0,564.4,563.7,564.0,6784,5minute,-0.6215919146623761,doji,unknown,doji,564.0,564.4,563.7,564.0,0.0,0.0,69999.99999999318,neutral,indecision,,reversal,trend,562.1,down,-0.35
2025-06-27 14:20:00+05:30,564.0,564.45,563.7,564.05,10924,5minute,-0.08406111677217237,doji,unknown,doji,564.0,564.45,563.7,564.05,8.864462370349177e-05,14.000000000013642,14.99700059989366,neutral,indecision,,reversal,trend,562.1,down,-0.31
2025-06-27 14:25:00+05:30,564.05,564.2,563.5,563.85,5397,5minute,-0.6532598666197014,unknown,evening_star,evening_star,563.55,564.7,562.1,562.1,0.002579612168653143,0.7931034482759621,3.4998250087509835,bearish,decisive,strong,reversal,down,553.05,down,-1.11
2025-06-27 14:30:00+05:30,563.55,564.7,562.1,562.1,29611,5minute,1.8353720930627575,unknown,unknown,unknown,,,,,,,1.7930910821305681,,,,,,,sideways,
2025-06-27 14:35:00+05:30,562.2,562.5,558.55,558.55,46809,5minute,2.434447663399892,bearish_belt_hold,unknown,bearish_belt_hold,562.2,562.5,558.55,558.55,0.006534777549010995,0.0821917808219033,1.0821888159210378,bearish,decisive,moderate,reversal,down,558.55,sideways,0.0
2025-06-27 14:40:00+05:30,558.35,560.05,558.35,559.3,40821,5minute,1.6333456652205112,bullish_belt_hold,unknown,bullish_belt_hold,558.35,560.05,558.35,559.3,0.001698551761129862,0.789473684210583,1.7894548478437637,bullish,decisive,moderate,reversal,up,559.3,sideways,0.0
2025-06-27 14:45:00+05:30,559.3,559.8,558.0,558.15,29772,5minute,0.7684491176639603,unknown,bearish_engulfing,bearish_engulfing,559.3,559.8,558.0,558.15,0.0020603780345784775,0.5652173913043392,1.5652037808366797,bearish,decisive,strong,reversal,down,553.05,down,-0.81
2025-06-27 14:50:00+05:30,558.15,558.7,557.0,557.4,35843,5minute,1.183822723340673,unknown,unknown,unknown,,,,,,,2.266636444847463,,,,,,,sideways,
2025-06-27 14:55:00+05:30,557.35,558.4,557.0,557.55,26957,5minute,0.5016419813576766,unknown,tweezer_bottom,tweezer_bottom,557.35,558.4,557.0,557.55,0.0003587122231188805,6.000000000002274,6.9996500175013985,bullish,decisive,moderate,reversal,up,557.55,sideways,0.0
2025-06-27 15:00:00+05:30,557.15,557.8,553.05,553.05,76153,5minute,2.5108800012620915,unknown,bearish_kicker,bearish_kicker,557.15,557.8,553.05,553.05,0.007413434590000946,0.15853658536584722,1.1585337596737506,bearish,decisive,strong,reversal,down,553.05,sideways,0.0
2025-06-27 15:05:00+05:30,553.3,554.45,552.2,553.55,82243,5minute,2.0966235925211474,unknown,bullish_harami,bullish_harami,553.3,554.45,552.2,553.55,0.00045163038569234943,8.0,8.999640014399423,bullish,decisive,moderate,reversal,up,553.55,sideways,0.0
2025-06-27 15:10:00+05:30,554.0,554.05,552.1,553.3,85809,5minute,1.7839833519691617,bearish_belt_hold,counterattack,counterattack,554.0,554.05,552.1,553.3,0.0012651364540033354,1.7857142857140074,2.785674490364145,depends,decisive,moderate,reversal,trend,554.35,up,0.19
2025-06-27 15:15:00+05:30,552.85,554.5,552.5,554.35,89733,5minute,1.583870242739227,unknown,unknown,unknown,,,,,,,1.3333244445037034,,,,,,,sideways,
2025-06-27 15:20:00+05:30,553.9,554.9,552.95,554.5,74970,5minute,0.958588098458455,unknown,unknown,unknown,,,,,,,3.2499458342358594,,,,,,,sideways,
2025-06-27 15:25:00+05:30,554.1,556.95,554.1,556.95,67122,5minute,0.5923061726816284,bullish_belt_hold,three_white_soldiers,three_white_soldiers,554.1,556.95,554.1,556.95,0.005117155938594169,0.0,0.9999964912403816,bullish,decisive,strong,continuation,up,556.95,sideways,0.0
2025-06-30 09:15:00+05:30,556.0,573.4,556.0,566.6,290598,5minute,3.2091469504755388,bullish_belt_hold,three_white_soldiers,three_white_soldiers,556.0,573.4,556.0,566.6,0.018708083303918148,0.6415094339622585,1.6415078853699139,bullish,decisive,strong,continuation,up,567.8,up,0.0
2025-06-30 09:20:00+05:30,566.55,574.8,566.15,567.8,285593,5minute,2.2512961918440415,inverted_hammer,stalled_pattern,stalled_pattern,566.55,574.8,566.15,567.8,0.002201479394152871,5.919999999999982,6.919944640442858,bearish,indecision,moderate,reversal,down,557.0,down,-1.49
2025-06-30 09:25:00+05:30,567.8,568.2,562.4,562.55,93105,5minute,-0.01852511134158781,bearish_belt_hold,bearish_engulfing,bearish_engulfing,567.8,568.2,562.4,562.55,0.009332503777442006,0.10476190476191775,1.104759800457536,bearish,decisive,strong,reversal,down,562.55,sideways,0.0
2025-06-30 09:30:00+05:30,562.85,566.35,562.25,563.7,61460,5minute,-0.4055053079613731,inverted_hammer,bullish_harami,bullish_harami,562.85,566.35,562.25,563.7,0.0015078942700018142,3.8235294117646035,4.823472665027368,bullish,decisive,moderate,reversal,up,565.45,up,0.13
2025-06-30 09:35:00+05:30,563.7,565.85,563.35,564.7,37494,5minute,-0.6849146653299911,unknown,unknown,unknown,,,,,,,2.4999750002499974,,,,,,,sideways,
2025-06-30 09:40:00+05:30,564.6,567.65,564.4,565.45,69595,5minute,-0.3464640528336398,inverted_hammer,three_white_soldiers,three_white_soldiers,564.6,567.65,564.4,565.45,0.0015032275179061327,2.8235294117646035,3.823484429594844,bullish,decisive,strong,continuation,up,565.45,sideways,0.0
2025-06-30 09:45:00+05:30,565.2,565.2,563.55,564.0,17011,5minute,-0.9500346414138908,bearish_belt_hold,bearish_engulfing,bearish_engulfing,565.2,565.2,563.55,564.0,0.002127659574468166,0.3750000000000237,1.3749885417621757,bearish,decisive,strong,reversal,down,557.0,down,-1.11
2025-06-30 09:50:00+05:30,563.7,564.0,562.7,563.25,16651,5minute,-0.9377508578913502,unknown,unknown,unknown,,,,,,,2.888824692784212,,,,,,,sideways,
2025-06-30 09:55:00+05:30,563.9,564.4,559.0,561.95,56067,5minute,-0.4536537184837846,unknown,unknown,unknown,,,,,,,2.7692165681202487,,,,,,,sideways,
2025-06-30 10:00:00+05:30,561.9,562.1,558.25,559.15,33498,5minute,-0.6651783682753207,bearish_belt_hold,unknown,bearish_belt_hold,561.9,562.1,558.25,559.15,0.004918179379415184,0.4000000000000083,1.3999949091094297,bearish,decisive,moderate,reversal,down,559.0,down,0.0
2025-06-30 10:05:00+05:30,559.25,560.05,558.15,559.0,28691,5minute,-0.6613373988630042,unknown,unknown,unknown,,,,,,,7.599696012159423,,,,,,,sideways,
2025-06-30 10:10:00+05:30,559.0,560.5,558.5,560.05,24355,5minute,-0.6461178867535647,unknown,unknown,unknown,,,,,,,1.9047437643451839,,,,,,,sideways,
2025-06-30 10:15:00+05:30,560.05,561.7,559.9,561.6,13741,5minute,-0.7008621033995414,bullish_belt_hold,unknown,bullish_belt_hold,560.05,561.7,559.9,561.6,0.0027599715099716313,0.16129032258063805,1.161282830433345,bullish,decisive,moderate,reversal,up,561.6,sideways,0.0
2025-06-30 10:20:00+05:30,561.25,561.85,559.0,559.0,12951,5minute,-0.6557860296853129,unknown,bearish_engulfing,bearish_engulfing,561.25,561.85,559.0,559.0,0.004025044722719142,0.26666666666667677,1.2666610370620677,bearish,decisive,strong,reversal,down,557.0,down,-0.17
2025-06-30 10:25:00+05:30,558.85,559.45,557.0,557.9,32885,5minute,-0.32815597400668683,unknown,unknown,unknown,,,,,,,2.5789202218923255,,,,,,,sideways,
2025-06-30 10:30:00+05:30,557.9,558.35,556.85,557.0,13587,5minute,-0.9292639372973441,unknown,unknown,unknown,,,,,,,1.6666481483539495,,,,,,,sideways,
2025-06-30 10:35:00+05:30,557.05,558.0,557.0,557.75,11653,5minute,-0.9856636375115321,bullish_belt_hold,bullish_harami,bullish_harami,557.05,558.0,557.0,557.75,0.001255042581801964,0.4285714285713358,1.4285510206996115,bullish,decisive,moderate,reversal,up,557.75,up,0.0
2025-06-30 10:40:00+05:30,557.75,558.35,557.5,557.95,20556,5minute,-0.4171258095542947,unknown,evening_star,evening_star,557.9,558.0,557.05,557.15,0.0013461365879924617,0.2666666666667273,4.249787510623616,bearish,decisive,strong,reversal,down,557.15,down,0.0
2025-06-30 10:45:00+05:30,557.9,558.0,557.05,557.15,15532,5minute,-0.6153744786963681,unknown,bearish_engulfing,bearish_engulfing,557.9,558.0,557.05,557.15,0.0013461365879924617,0.2666666666667273,1.2666497780030206,bearish,decisive,strong,reversal,down,557.15,down,0.0
2025-06-30 10:50:00+05:30,557.1,557.55,554.35,556.95,47934,5minute,1.692183502235107,doji,morning_doji_star,morning_doji_star,556.65,558.4,556.55,558.05,0.0025087357763640844,0.32142857142860914,21.33191120592238,bullish,indecision,strong,reversal,up,559.6,up,0.13
2025-06-30 10:55:00+05:30,556.65,558.4,556.55,558.05,15598,5minute,-0.6475357350098169,bullish_belt_hold,unknown,bullish_belt_hold,556.65,558.4,556.55,558.05,0.0025087357763640844,0.32142857142860914,1.3214191327205183,bullish,decisive,moderate,reversal,up,559.6,up,0.13
2025-06-30 11:00:00+05:30,557.8,558.9,557.45,558.9,8144,5minute,-1.0990476375985851,unknown,unknown,unknown,,,,,,,1.318169834819594,,,,,,,sideways,
2025-06-30 11:05:00+05:30,558.6,559.65,558.6,559.6,17132,5minute,-0.3640710885458683,bullish_belt_hold,three_white_soldiers,three_white_soldiers,558.6,559.65,558.6,559.6,0.0017869907076483202,0.049999999999954525,1.0499895001049535,bullish,decisive,strong,continuation,up,559.6,sideways,0.0
2025-06-30 11:10:00+05:30,559.7,560.0,559.25,559.3,10249,5minute,-0.8554420975589511,unknown,unknown,unknown,,,,,,,1.8749531261714194,,,,,,,sideways,
2025-06-30 11:15:00+05:30,559.3,559.45,557.55,557.8,10148,5minute,-0.7476295371838424,unknown,unknown,unknown,,,,,,,1.2666582222785787,,,,,,,sideways,
2025-06-30 11:20:00+05:30,557.75,558.85,557.0,558.8,17276,5minute,-0.03724415222967785,unknown,unknown,unknown,,,,,,,1.7618879820193167,,,,,,,sideways,
2025-06-30 11:25:00+05:30,558.4,559.0,557.5,558.6,5873,5minute,-1.0199969365644455,unknown,unknown,unknown,,,,,,,7.499625018747357,,,,,,,sideways,
2025-06-30 11:30:00+05:30,558.65,558.95,558.1,558.45,2488,5minute,-1.1902823100426887,unknown,unknown,unknown,,,,,,,4.249787510626032,,,,,,,sideways,
2025-06-30 11:35:00+05:30,558.45,558.95,557.7,558.95,8268,5minute,-0.5867713824549567,unknown,unknown,unknown,,,,,,,2.49995000099998,,,,,,,sideways,
2025-06-30 11:40:00+05:30,558.6,559.25,558.25,559.1,4979,5minute,-0.8116783711135797,unknown,unknown,unknown,,,,,,,1.9999600007999843,,,,,,,sideways,
2025-06-30 11:45:00+05:30,558.8,559.5,558.75,559.05,10555,5minute,-0.3016389622156191,unknown,unknown,unknown,,,,,,,2.9998800047998078,,,,,,,sideways,
2025-06-30 11:50:00+05:30,559.0,559.45,558.5,559.3,8706,5minute,-0.3951411672381253,unknown,unknown,unknown,,,,,,,3.166561114630144,,,,,,,sideways,
2025-06-30 11:55:00+05:30,559.05,559.2,558.3,558.55,5496,5minute,-0.6127821780120829,unknown,bearish_engulfing,bearish_engulfing,559.05,559.2,558.3,558.55,0.0008951750067138127,0.8000000000001819,1.7999640007201676,bearish,decisive,strong,reversal,down,558.55,sideways,0.0
2025-06-30 12:00:00+05:30,558.65,559.35,558.5,558.95,4784,5minute,-0.9614875417684472,unknown,bullish_harami,bullish_harami,558.65,559.35,558.5,558.95,0.0005367206369086111,1.8333333333327648,2.8332388920363636,bullish,decisive,moderate,reversal,up,560.7,up,0.16
2025-06-30 12:05:00+05:30,559.0,560.75,558.9,560.7,19989,5minute,1.9902041758991764,bullish_belt_hold,unknown,bullish_belt_hold,559.0,560.75,558.9,560.7,0.0030319243802390677,0.08823529411763133,1.0882288927712032,bullish,decisive,moderate,reversal,up,560.7,sideways,0.0
2025-06-30 12:10:00+05:30,560.3,560.5,559.7,559.8,5737,5minute,-0.6895003813531739,unknown,bearish_harami,bearish_harami,560.3,560.5,559.7,559.8,0.0008931761343336906,0.599999999999909,1.5999680006398964,bearish,decisive,moderate,reversal,down,559.8,sideways,0.0
2025-06-30 12:15:00+05:30,559.8,560.35,559.6,560.35,3949,5minute,-0.9020259694790702,unknown,unknown,unknown,,,,,,,1.3636115706985457,,,,,,,sideways,
2025-06-30 12:20:00+05:30,560.0,560.9,560.0,560.1,3567,5minute,-0.8600509282773156,bullish_belt_hold,unknown,bullish_belt_hold,560.0,560.9,560.0,560.1,0.00017853954650959246,7.999999999997726,8.999100089988728,bullish,decisive,moderate,reversal,up,560.1,sideways,0.0
